Kab/Kota;Jeruk. jeruk bali;Mangga;Apel;Rambutan;Duku. langsat;Durian;Salak;Pisang ambon;Pisang lainnya;Pepaya;Semangka;Tomat buah;Alpokat;Jambu biji;Nanas;Nangka;Pir;Anggur;Buah naga;Jambu air;Melon;Manggis;Kelengkeng;Buahbuahan lainnya
Simeulue;0.037;0.004;0.001;0.018;0.006;0.004;0.031;0.010;0.149;0.041;0.063;0.031;0.008;0.006;0.005;0.009;0.014;0.000;0.002;0.028;;0.001;0.002;0.015
Aceh Singkil;0.152;0.003;0.011;0.015;0.048;0.001;0.095;0.006;0.062;0.029;0.113;0.003;0.010;0.005;0.013;0.002;0.030;0.003;0.006;0.004;0.003;0;0.006;0.003
Aceh Selatan;0.112;0.012;0.010;0.013;0.022;0.040;0.083;0.013;0.062;0.047;0.076;0.102;0.015;0.005;0.010;0.002;0.021;0.003;0.008;0.010;0.001;0.001;0.001;0.013
Aceh Tenggara;0.102;0.008;0.012;0.009;0.021;0.000;0.063;0.006;0.053;0.050;0.052;0.058;0.010;0.001;0.012;0.001;0.036;0.002;0.010;0.008;;0;0.002;0.007
Aceh Timur;0.128;0.021;0.008;0.027;0.044;0.003;0.080;0.007;0.019;0.038;0.097;0.034;0.006;0.002;0.020;0.002;0.016;0.005;0.006;0.013;;0.007;0.004;0.001
Aceh Tengah;0.126;0.031;0.031;0.034;0.067;0.023;0.064;0.027;0.052;0.037;0.055;0.095;0.033;0.018;0.017;0.001;0.026;0.011;0.005;0.003;;0.003;0.002;0.006
Aceh Barat;0.098;0.007;0.010;0.013;0.022;0.007;0.080;0.003;0.065;0.038;0.086;0.070;0.011;0.004;0.013;0.001;0.033;0.009;0.008;0.034;0.003;0.001;0.009;0.04
Aceh Besar;0.095;0.021;0.015;0.009;0.004;0.010;0.067;0.010;0.081;0.074;0.074;0.000;0.010;0.006;0.009;0.003;0.023;0.007;0.006;0.008;0.006;0.001;0.002;0.007
Pidie;0.101;0.023;0.009;0.020;0.029;0.008;0.089;0.014;0.033;0.057;0.051;;0.012;0.006;0.003;0.001;0.027;0.006;0.006;0.009;0.001;0;0.002;0.01
Bireuen;0.102;0.008;0.011;0.004;0.020;0.010;0.074;0.001;0.072;0.086;0.039;0.013;0.015;0.005;0.009;0.003;0.021;0.006;0.008;0.009;0.002;0;0.001;0.015
Aceh Utara;0.135;0.021;0.006;0.009;0.022;0.007;0.094;0.013;0.045;0.073;0.129;0.014;0.005;0.002;0.017;0.004;0.017;0.003;0.003;0.007;;0.002;0.003;0.003
Aceh Barat Daya;0.092;0.012;0.016;0.004;0.012;;0.095;0.002;0.044;0.045;0.088;0.126;0.014;0.003;0.008;0.001;0.011;0.002;0.002;0.007;0.001;;0.003;0.023
Gayo Lues;0.113;0.028;0.016;0.047;0.113;0.026;0.076;0.017;0.070;0.093;0.091;0.010;0.046;0.012;0.010;0.009;0.027;0.004;0.013;0.017;;0.005;0.007;0.005
Aceh Tamiang;0.147;0.003;0.016;0.004;0.028;0.010;0.046;0.007;0.055;0.062;0.050;0.052;0.011;0.004;0.015;0.000;0.028;0.015;0.008;0.017;;0.002;0.004;0.006
Nagan Raya;0.160;0.018;0.002;0.045;0.044;0.012;0.145;0.010;0.043;0.067;0.171;0.066;0.013;0.009;0.026;0.006;0.008;0.005;0.007;0.069;0.001;0.001;0.005;0
Aceh Jaya;0.084;0.022;0.007;0.014;0.007;0.004;0.098;0.008;0.092;0.103;0.186;0.104;0.013;0.004;0.011;0.004;0.017;0.006;0.007;0.010;0;0;0.006;0.051
Bener Meriah;0.127;0.027;0.029;0.037;0.075;0.113;0.101;0.019;0.059;0.069;0.093;0.095;0.063;0.013;0.009;0.007;0.044;0.023;0.021;0.018;0.003;0.008;0.027;0.004
Pidie Jaya;0.160;0.011;0.012;0.016;0.025;0.008;0.132;0.020;0.035;0.066;0.043;0.007;0.016;0.002;0.005;0.002;0.019;0.006;0.007;0.009;0.005;0.002;0.001;0.011
Kota Banda Aceh;0.107;0.039;0.026;0.010;0.014;0.014;0.053;;0.101;0.095;0.140;0.076;0.017;0.007;0.009;0.001;0.031;0.014;0.022;0.017;0.014;0.002;0.005;0.01
Kota Sabang;0.098;0.014;0.016;0.006;0.018;0.047;0.025;0.010;0.160;0.145;0.066;;0.011;0.011;0.015;0.002;0.041;0.012;0.010;0.011;0.002;0.002;0.006;0.02
Kota Langsa;0.128;0.002;0.012;0.004;0.048;0.010;0.040;0.004;0.060;0.079;0.076;0.069;0.018;0.003;0.013;0.003;0.029;0.002;0.017;0.005;0.003;0.002;0.004;0.005
Kota Lhokseumawe;0.085;0.011;0.014;0.004;0.013;0.017;0.055;0.003;0.069;0.067;0.108;0.115;0.024;0.001;0.010;0.004;0.024;0.008;0.012;0.006;0.005;0.001;0.003;0.006
Kota Subulussalam;0.206;0.008;0.008;0.018;0.050;;0.111;0.008;0.022;0.032;0.118;0.087;0.014;0.003;0.008;0.001;0.035;0.004;0.011;0.001;0.001;0.005;0.005;0.005
Nias;0.002;0.001;0.001;0.006;0.040;0.000;0.006;0.045;0.449;0.060;0.013;0.001;0.000;0.002;0.003;0.004;0.002;;;0.005;;0.007;;0
Mandailing Natal;0.051;0.009;0.011;0.103;0.125;0.131;0.058;0.010;0.035;0.051;0.031;0.010;0.009;0.002;0.013;0.001;0.013;0.015;0.001;0.005;0;0.062;0.005;0.002
Tapanuli Selatan;0.088;0.003;0.004;0.100;0.027;0.055;0.120;0.019;0.073;0.055;0.042;0.054;0.010;0.001;0.012;0.000;0.019;0.001;0.003;0.005;;0.002;0.002;0.001
Tapanuli Tengah;0.087;0.003;0.009;0.016;0.070;0.006;0.064;0.021;0.122;0.039;0.023;0.121;0.012;0.002;0.018;0.002;0.015;0.002;0.004;0.001;;0;0.001;0.003
Tapanuli Utara;0.142;0.011;0.017;0.016;0.009;0.010;0.067;0.025;0.139;0.032;0.009;0.204;0.026;0.003;0.040;0.001;0.021;0.002;0.014;0.003;;0.005;0.003;0.002
Toba Samosir;0.198;0.009;0.021;0.020;0.045;0.019;0.047;0.012;0.179;0.067;0.019;0.094;0.029;0.014;0.024;0.002;0.021;0.005;0.021;0.007;0.001;0.014;0.007;0.01
Labuhan Batu;0.113;0.004;0.002;0.007;0.034;0.026;0.054;0.008;0.042;0.029;0.043;0.058;0.004;0.001;0.005;0.000;0.025;0.012;0.013;0.002;;0.007;0.007;0.01
Asahan;0.195;0.006;0.007;0.014;0.029;0.021;0.036;0.001;0.116;0.061;0.066;0.069;0.006;0.004;0.017;0.006;0.032;0.007;0.014;0.004;0.001;0.012;0.006;0.007
Simalungun;0.181;0.006;0.015;0.029;0.017;0.019;0.043;0.020;0.098;0.093;0.050;0.069;0.028;0.014;0.019;0.002;0.030;0.003;0.022;0.004;0.001;0.019;0.007;0.016
Dairi;0.118;0.007;0.024;0.024;0.059;0.090;0.041;0.034;0.149;0.047;0.028;0.020;0.030;0.007;0.027;0.003;0.036;0.006;0.017;0.006;0;0.016;0.002;0.003
Karo;0.120;0.012;0.021;0.031;0.065;0.037;0.053;0.024;0.062;0.051;0.030;0.018;0.032;0.011;0.033;0.003;0.040;0.008;0.044;0.002;;0.015;0.008;0.013
Deli Serdang;0.185;0.012;0.010;0.004;0.029;0.015;0.036;0.003;0.115;0.091;0.044;0.006;0.009;0.004;0.013;0.003;0.031;0.007;0.017;0.016;0.007;0.012;0.006;0.005
Langkat;0.145;0.009;0.011;0.002;0.037;0.010;0.033;0.004;0.086;0.088;0.050;0.001;0.008;0.002;0.021;0.000;0.020;0.006;0.014;0.018;0;0.004;0.007;0.006
Nias Selatan;0.008;0.001;0.000;0.024;0.021;0.002;0.002;0.034;0.192;0.084;0.005;0.001;0.004;0.001;0.012;0.016;0.011;;;0.002;;0.002;;0.002
Humbang Hasundutan;0.165;0.004;0.019;0.013;0.014;0.015;0.077;0.014;0.130;0.030;0.008;0.192;0.031;0.003;0.013;0.001;0.023;0.002;0.010;0.005;;0.013;0.002;0.005
Pakpak Bharat;0.092;0.004;0.015;0.012;0.041;0.084;0.037;0.024;0.100;0.028;0.023;0.142;0.031;0.003;0.046;0.002;0.022;0.002;0.014;0.008;;0.024;0.001;0.004
Samosir;0.173;0.010;0.025;0.018;0.011;0.119;0.044;0.017;0.244;0.061;0.015;0.078;0.052;0.012;0.042;0.002;0.020;0.009;0.014;0.003;0.001;0.011;0.001;0.02
Serdang Bedagai;0.175;0.009;0.021;0.003;0.020;0.010;0.038;0.004;0.079;0.054;0.048;0.069;0.013;0.004;0.015;0.001;0.038;0.010;0.014;0.012;0.003;0.001;0.005;0.012
Batu Bara;0.174;0.009;0.019;0.006;0.028;0.012;0.038;0.002;0.082;0.050;0.039;0.070;0.020;0.001;0.015;0.005;0.030;0.008;0.017;0.007;;0.004;0.005;0.011
Padang Lawas Utara;0.110;0.002;0.005;0.048;0.021;0.039;0.135;0.010;0.025;0.031;0.044;0.059;0.002;0.000;0.011;0.001;0.016;0.002;0.001;0.005;0;0.005;0.002;0.001
Padang Lawas;0.074;0.006;0.010;0.071;0.078;0.039;0.091;0.006;0.067;0.045;0.085;0.020;0.003;0.001;0.006;0.001;0.017;0.007;0.006;0.009;;0.007;0.012;0.002
Labuhan Batu Selatan;0.134;0.001;0.010;0.015;0.042;0.101;0.073;0.004;0.033;0.028;0.081;0.025;0.008;0.003;0.004;0.002;0.027;0.007;0.010;0.010;;0.009;0.008;0.011
Labuhan Batu Utara;0.163;0.003;0.008;0.007;0.054;0.024;0.078;0.003;0.051;0.039;0.070;0.026;0.012;0.004;0.012;0.009;0.029;0.005;0.007;0.006;0.002;0.005;0.012;0.004
Nias Utara;0.011;0.001;0.001;0.011;0.039;;0.005;0.061;0.211;0.044;0.012;0.001;0.001;0.000;0.004;0.021;0.003;;0.000;0.000;;0.004;0.001;0.004
Nias Barat;0.017;;0.001;0.003;0.009;;0.001;0.017;0.374;0.022;0.004;0.002;0.000;0.002;0.007;;;;;0.000;;0;;0.001
Kota Sibolga;0.078;0.002;0.008;0.019;0.054;0.014;0.042;0.014;0.086;0.087;0.046;0.005;0.015;0.001;0.021;0.000;0.022;0.001;0.006;0.001;0.001;0.002;0.004;0.003
Kota Tanjung Balai;0.153;0.023;0.020;0.012;0.056;0.012;0.071;0.034;0.103;0.078;0.079;0.122;0.017;0.010;0.034;0.001;0.025;0.012;0.011;0.011;0.004;0.009;0.006;0.006
Kota Pematang Siantar;0.203;0.020;0.029;0.009;0.015;0.047;0.028;0.035;0.179;0.124;0.058;0.149;0.030;0.015;0.042;0.003;0.033;0.003;0.036;0.004;0.001;0.017;0.004;0.011
Kota Tebing Tinggi;0.196;0.011;0.021;0.006;0.046;0.013;0.028;0.004;0.139;0.109;0.072;0.023;0.018;0.005;0.023;0.000;0.051;0.023;0.025;0.008;0.006;0.002;0.012;0.009
Kota Medan;0.137;0.014;0.019;0.006;0.035;0.016;0.037;0.011;0.114;0.117;0.066;0.007;0.014;0.014;0.020;0.003;0.031;0.010;0.022;0.012;0.008;0.016;0.005;0.006
Kota Binjai;0.180;0.008;0.020;0.004;0.033;0.021;0.020;0.012;0.097;0.072;0.063;0.000;0.010;0.008;0.013;0.002;0.045;0.008;0.019;0.028;0.004;0.01;0.002;0.001
Kota Padangsidimpuan;0.086;0.006;0.013;0.076;0.034;0.056;0.051;0.009;0.129;0.099;0.036;0.075;0.024;0.003;0.008;0.002;0.026;0.001;0.006;0.002;0.002;0.01;0.003;0.003
Kota Gunungsitoli;0.025;0.002;0.011;0.009;0.059;0.002;0.009;0.083;0.160;0.075;0.041;0.003;0.010;;0.005;0.004;0.013;0.002;0.007;0.000;0.001;0.011;;0.001
Kepulauan Mentawai;0.036;0.002;0.010;0.011;0.022;0.002;0.006;0.066;0.351;0.063;0.016;0.002;0.012;0.000;0.028;0.003;0.009;0.008;0.003;0.005;;;0.001;0.002
Pesisir Selatan;0.070;0.011;0.009;0.036;0.113;0.006;0.035;0.032;0.051;0.054;0.041;0.029;0.010;0.003;0.001;0.002;0.006;0.001;0.009;0.004;0;0.003;0.001;0.002
Solok;0.059;0.005;0.010;0.044;0.070;0.170;0.037;0.020;0.040;0.062;0.035;0.017;0.021;0.002;0.002;0.001;0.012;0.002;0.014;0.006;;0.057;0.006;0.003
Sijunjung;0.081;0.004;0.010;0.086;0.130;0.023;0.054;0.041;0.043;0.037;0.035;0.001;0.010;0.001;0.004;0.004;0.027;0.006;0.008;0.007;0.003;0.027;0.011;0.018
Tanah Datar;0.094;0.002;0.009;0.051;0.083;0.114;0.030;0.079;0.051;0.078;0.019;0.005;0.037;0.004;0.003;0.002;0.024;0.005;0.020;0.006;0;0.036;0.001;0.011
Padang Pariaman;0.072;0.003;0.003;0.019;0.077;0.015;0.016;0.035;0.058;0.086;0.029;0.075;0.009;0.002;0.004;0.000;0.008;0.001;0.005;0.002;0.002;0.006;0.001;0.008
Agam;0.070;0.005;0.011;0.030;0.147;0.100;0.034;0.047;0.055;0.077;0.034;0.004;0.018;0.001;0.005;0.000;0.019;0.001;0.006;0.004;0.001;0.03;0.002;0.017
Lima Puluh Kota;0.070;0.006;0.011;0.142;0.106;0.233;0.049;0.054;0.059;0.083;0.021;0.004;0.017;0.003;0.002;0.002;0.026;0.006;0.011;0.008;0.003;0.113;0.01;0.009
Pasaman;0.047;0.007;0.008;0.094;0.102;0.105;0.066;0.026;0.047;0.070;0.026;0.006;0.005;0.005;0.003;0.001;0.011;0.001;0.003;0.011;;0.047;0;0.008
Solok Selatan;0.073;0.007;0.008;0.082;0.089;0.187;0.032;0.029;0.046;0.106;0.035;0.014;0.021;0.003;0.002;0.002;0.009;0.002;0.005;0.004;0.001;0.063;0.002;0.003
Dharmasraya;0.111;0.006;0.015;0.022;0.063;0.006;0.039;0.033;0.048;0.065;0.068;0.002;0.013;0.009;0.011;0.003;0.030;0.007;0.013;0.010;0.005;0.003;0.065;0.006
Pasaman Barat;0.040;0.009;0.011;0.096;0.089;0.014;0.099;0.013;0.055;0.096;0.078;0.002;0.018;0.005;0.013;0.001;0.027;0.006;0.007;0.030;0.003;0.011;0.005;0.004
Kota Padang;0.104;0.017;0.016;0.036;0.051;0.037;0.021;0.052;0.095;0.164;0.053;0.002;0.021;0.003;0.007;0.000;0.023;0.004;0.008;0.003;0.001;0.026;0.005;0.01
Kota Solok;0.099;0.007;0.009;0.066;0.155;0.138;0.035;0.131;0.059;0.161;0.054;0.005;0.036;0.008;0.014;0.000;0.020;0.003;0.031;0.008;0.002;0.052;0.002;0.009
Kota Sawah Lunto;0.093;0.007;0.015;0.036;0.090;0.050;0.025;0.094;0.020;0.056;0.017;0.005;0.023;0.002;0.005;0.004;0.035;0.005;0.014;0.006;0.001;0.027;0.004;0.008
Kota Padang Panjang;0.116;0.005;0.011;0.026;0.056;0.043;0.037;0.063;0.027;0.132;0.035;0.008;0.045;0.005;0.008;0.003;0.040;0.004;0.016;0.004;0.001;0.023;0.002;0.009
Kota Bukittinggi;0.106;0.003;0.011;0.049;0.103;0.098;0.042;0.065;0.067;0.105;0.047;0.004;0.022;0.007;0.004;0.002;0.020;0.005;0.016;0.002;0.002;0.058;0.001;0.005
Kota Payakumbuh;0.107;0.007;0.010;0.091;0.105;0.144;0.033;0.123;0.056;0.163;0.047;0.006;0.033;0.006;0.007;0.001;0.040;0.003;0.019;0.008;0.001;0.053;0.004;0.007
Kota Pariaman;0.116;0.007;0.014;0.006;0.043;0.005;0.030;0.080;0.080;0.204;0.062;0.007;0.022;0.008;0.002;;0.034;0.002;0.003;0.003;0.004;0.004;0.003;0.026
Kuantan Singingi;0.116;0.006;0.014;0.015;0.136;0.027;0.066;0.021;0.061;0.078;0.046;0.007;0.012;0.001;0.006;0.002;0.029;0.003;0.004;0.002;0.002;0.008;0.011;0.003
Indragiri Hulu;0.096;0.009;0.010;0.022;0.093;0.010;0.042;0.004;0.046;0.039;0.058;0.002;0.005;0.004;0.002;0.000;0.016;0.003;0.005;0.006;0.003;0.006;0.01;0.012
Indragiri Hilir;0.072;0.002;0.005;0.106;0.130;0.042;0.023;0.007;0.147;0.029;0.043;0.005;0.001;0.004;0.016;0.004;0.010;0.004;0.005;0.013;;0.003;0.006;0.028
Pelalawan;0.139;0.020;0.011;0.035;0.080;0.048;0.099;0.012;0.035;0.048;0.100;0.015;0.007;0.001;0.010;0.002;0.015;0.021;0.011;0.004;0.005;0.031;0.022;0.011
Siak;0.136;0.011;0.010;0.014;0.083;0.009;0.065;0.009;0.070;0.086;0.136;0.006;0.007;0.003;0.005;0.001;0.030;0.005;0.013;0.008;0;0.018;0.008;0.005
Kampar;0.107;0.012;0.013;0.006;0.070;0.032;0.065;0.017;0.051;0.041;0.084;0.003;0.002;0.004;0.007;0.001;0.021;0.011;0.002;0.007;0.002;0.026;0.015;0.005
Rokan Hulu;0.118;0.012;0.018;0.016;0.079;0.031;0.088;0.009;0.039;0.026;0.107;0.003;0.006;;0.006;0.003;0.019;0.005;0.007;0.004;0;0.017;0.025;0.004
Bengkalis;0.141;0.015;0.014;0.007;0.040;0.038;0.055;0.012;0.087;0.059;0.066;0.003;0.011;0.002;0.032;0.005;0.027;0.003;0.014;0.012;;0.023;0.006;0.003
Rokan Hilir;0.150;0.002;0.009;0.024;0.034;0.016;0.074;0.012;0.085;0.033;0.075;0.009;0.010;0.002;0.008;0.004;0.016;0.003;0.006;0.014;;0.008;0.007;0.009
Kepulauan Meranti;0.094;0.030;0.011;0.005;0.024;0.010;0.014;0.004;0.161;0.033;0.065;0.001;0.003;0.004;0.028;0.012;0.008;0.002;0.006;0.005;0;0.001;0.006;0.007
Kota Pekanbaru;0.093;0.014;0.019;0.004;0.065;0.040;0.033;0.018;0.114;0.145;0.068;0.015;0.016;0.003;0.016;0.004;0.030;0.004;0.010;0.004;0.002;0.039;0.009;0.005
Kota Dumai;0.107;0.011;0.011;0.001;0.037;0.020;0.043;0.008;0.084;0.065;0.085;0.065;0.010;0.003;0.014;0.002;0.019;0.005;0.007;0.002;0.002;0.016;0.005;0.011
Kerinci;0.056;0.005;0.018;0.060;0.092;0.032;0.050;0.023;0.150;0.074;0.036;0.070;0.041;0.014;0.001;0.002;0.014;0.003;0.010;0.006;0;0.013;0.002;0.01
Merangin;0.088;0.005;0.017;0.046;0.051;0.006;0.032;0.023;0.068;0.045;0.066;0.019;0.007;0.002;0.009;0.001;0.024;0.002;0.009;0.006;0.001;0.005;0.016;0.007
Sarolangun;0.076;0.019;0.006;0.043;0.103;0.003;0.030;0.013;0.040;0.038;0.131;0.010;0.009;0.004;0.008;0.005;0.010;0.001;0.003;0.008;;0.006;0.034;0.005
Batang Hari;0.098;0.005;0.012;0.121;0.127;0.009;0.036;0.027;0.087;0.044;0.123;0.005;0.004;0.001;0.010;0.010;0.014;0.005;0.005;0.007;0.001;0.002;0.017;0.006
Muaro Jambi;0.099;0.003;0.018;0.146;0.161;0.019;0.031;0.058;0.094;0.073;0.098;0.020;0.010;0.005;0.008;0.002;0.026;0.014;0.012;0.004;0.004;0.007;0.032;0.005
Tanjung Jabung Timur;0.085;0.014;0.012;0.130;0.169;0.004;0.020;0.009;0.145;0.046;0.075;0.002;0.001;0.001;0.008;0.000;0.012;0.006;0.007;0.003;0;0.003;0.009;0.012
Tanjung Jabung Barat;0.098;0.007;0.010;0.114;0.117;0.014;0.024;0.007;0.112;0.031;0.059;0.011;0.004;0.001;0.009;0.003;0.012;0.005;0.004;0.005;0.002;0.002;0.005;0.023
Tebo;0.085;0.006;0.010;0.088;0.119;0.013;0.046;0.018;0.083;0.045;0.075;0.015;0.007;0.002;0.011;0.006;0.008;0.005;0.004;0.009;0.002;0.005;0.033;0.001
Bungo;0.131;0.005;0.023;0.050;0.110;0.003;0.069;0.020;0.081;0.061;0.069;0.017;0.009;0.005;0.004;0.003;0.024;0.006;0.007;0.006;0;0.001;0.03;0.003
Kota Jambi;0.105;0.008;0.024;0.118;0.181;0.005;0.021;0.053;0.115;0.101;0.057;0.035;0.008;0.005;0.008;0.007;0.029;0.006;0.017;0.003;0.003;0.004;0.005;0.01
Kota Sungai Penuh;0.082;0.015;0.020;0.027;0.091;0.038;0.021;0.031;0.117;0.097;0.027;0.022;0.045;0.009;0.005;0.001;0.017;0.001;0.018;0.002;0.001;0.002;0;0
Ogan Komering Ulu;0.033;0.007;0.008;0.257;0.231;0.040;0.017;0.028;0.149;0.041;0.062;0.006;0.012;0.006;0.006;0.005;0.008;0.004;0.013;0.009;0.001;0.001;0.016;0.009
Ogan Komering Ilir;0.056;0.010;0.009;0.247;0.271;0.027;0.026;0.036;0.153;0.055;0.062;0.001;0.014;0.010;0.017;0.010;0.008;0.004;0.012;0.020;0.001;0.005;0.011;0.007
Muara Enim;0.044;0.011;0.007;0.184;0.348;0.064;0.024;0.017;0.090;0.035;0.058;0.028;0.019;0.002;0.008;0.005;0.013;0.007;0.004;0.005;0;0.003;0.027;0.006
Lahat;0.060;0.006;0.014;0.144;0.230;0.107;0.016;0.036;0.087;0.064;0.054;0.002;0.015;0.003;0.001;0.001;0.015;0.009;0.009;0.003;0.001;0.003;0.012;0.005
Musi Rawas;0.050;0.014;0.008;0.149;0.175;0.040;0.020;0.020;0.089;0.071;0.062;0.001;0.015;0.003;0.007;0.006;0.005;0.001;0.006;0.008;0.002;0.003;0.032;0.007
Musi Banyuasin;0.071;0.034;0.012;0.273;0.250;0.063;0.028;0.041;0.107;0.067;0.111;0.004;0.010;0.004;0.011;0.009;0.013;0.015;0.009;0.008;0.007;0.01;0.026;0.006
Banyu Asin;0.091;0.021;0.010;0.238;0.210;0.020;0.032;0.036;0.121;0.053;0.090;0.007;0.008;0.010;0.018;0.005;0.006;0.003;0.010;0.016;0.001;0.008;0.009;0.004
Ogan Komering Ulu Selatan;0.035;0.007;0.006;0.234;0.315;0.135;0.022;0.033;0.110;0.065;0.029;0.006;0.019;0.001;0.002;0.001;0.005;0.005;0.031;0.002;0.001;0.001;0.006;0.001
Ogan Komering Ulu Timur;0.047;0.009;0.006;0.157;0.238;0.034;0.029;0.064;0.171;0.089;0.046;0.001;0.010;0.014;0.005;0.014;0.011;0.008;0.022;0.020;0.018;0.001;0.017;0.019
Ogan Ilir;0.061;0.005;0.007;0.257;0.118;0.023;0.014;0.031;0.217;0.084;0.058;0.015;0.008;0.008;0.022;0.006;0.006;0.012;0.011;0.015;0.002;0.011;0.03;0.009
Empat Lawang;0.048;0.003;0.012;0.287;0.252;0.174;0.017;0.026;0.135;0.079;0.037;0.035;0.024;0.009;0.010;0.003;0.004;0.003;0.008;0.007;;0.007;0.006;0.013
Penukal Abab Lematang Ilir;0.046;0.004;0.010;0.197;0.233;0.022;0.035;0.006;0.036;0.030;0.055;0.004;0.003;0.006;0.005;0.002;0.004;0.008;0.001;0.009;0.001;0;0.024;0.012
Musi Rawas Utara;0.034;0.004;0.007;0.079;0.184;0.121;0.033;0.033;0.073;0.037;0.094;0.005;0.010;0.004;0.009;0.003;0.008;0.003;0.004;0.003;0;0.001;0.049;0.003
Kota Palembang;0.074;0.010;0.013;0.171;0.186;0.024;0.020;0.046;0.131;0.105;0.047;0.000;0.019;0.002;0.013;0.001;0.010;0.005;0.017;0.002;0.003;0.006;0.005;0.006
Kota Prabumulih;0.034;0.004;0.018;0.176;0.231;0.031;0.015;0.038;0.078;0.066;0.059;0.003;0.015;0.003;0.013;0.002;0.010;0.007;0.005;0.006;0.006;;0.004;0.006
Kota Pagar Alam;0.055;0.009;0.007;0.099;0.190;0.160;0.036;0.056;0.049;0.070;0.034;0.001;0.028;0.014;0.005;0.002;0.012;0.007;0.011;0.007;0;0.003;0.008;0.008
Kota Lubuklinggau;0.061;0.012;0.013;0.154;0.180;0.129;0.020;0.061;0.063;0.075;0.082;0.000;0.013;0.005;0.002;0.001;0.012;0.007;0.011;0.001;0.009;0;0.011;0.004
Bengkulu Selatan;0.028;0.002;0.008;0.208;0.149;0.025;0.039;0.045;0.134;0.070;0.065;0.013;0.009;0.002;0.010;0.006;0.006;0.001;0.002;0.002;0.003;0.004;0.009;0.009
Rejang Lebong;0.068;0.005;0.009;0.158;0.166;0.046;0.019;0.072;0.084;0.095;0.047;0.026;0.041;0.005;0.005;0.002;0.006;0.002;0.003;0.002;0.001;0.004;0.002;0.008
Bengkulu Utara;0.062;0.003;0.013;0.048;0.139;0.032;0.023;0.041;0.073;0.073;0.074;0.011;0.007;0.003;0.016;0.003;0.008;0.005;0.014;0.000;0;0;0.006;0.002
Kaur;0.039;0.007;0.014;0.212;0.250;0.051;0.024;0.081;0.127;0.087;0.063;0.014;0.024;0.007;0.018;0.018;0.005;0.006;0.014;0.005;;0.008;0.023;0.014
Seluma;0.049;0.004;0.008;0.121;0.154;0.059;0.027;0.039;0.058;0.074;0.065;0.014;0.012;0.004;0.011;0.023;0.010;0.007;0.008;0.008;0.004;0.002;0.012;0.008
Mukomuko;0.101;0.006;0.021;0.053;0.168;0.019;0.035;0.033;0.083;0.057;0.065;0.011;0.023;0.005;0.008;0.001;0.025;0.005;0.015;0.008;0.002;0.008;0.008;0.009
Lebong;0.033;0.004;0.012;0.145;0.100;0.147;0.007;0.090;0.077;0.075;0.030;0.068;0.026;0.009;0.011;0.007;0.005;0.002;0.007;0.008;0.002;0.024;0.008;0.006
Kepahiang;0.033;0.002;0.008;0.221;0.162;0.208;0.015;0.032;0.104;0.105;0.045;0.017;0.024;0.008;0.006;0.006;0.006;0.003;0.010;0.006;0.001;0.027;0.001;0.005
Bengkulu Tengah;0.049;0.006;0.008;0.115;0.157;0.180;0.023;0.056;0.058;0.054;0.090;0.026;0.011;0.009;0.010;0.010;0.002;0.003;0.006;0.005;0.001;0.005;0.008;0.005
Kota Bengkulu;0.068;0.009;0.018;0.133;0.172;0.063;0.022;0.107;0.033;0.118;0.073;0.033;0.026;0.008;0.007;0.005;0.017;0.008;0.020;0.002;0.012;0.005;0.012;0.011
Lampung Barat;0.051;0.007;0.010;0.192;0.145;0.073;0.022;0.050;0.076;0.036;0.020;0.005;0.030;0.004;0.006;0.007;0.013;0.002;0.031;0.002;0;0.002;0.003;0.006
Tanggamus;0.049;0.012;0.008;0.146;0.064;0.024;0.050;0.023;0.192;0.051;0.020;0.002;0.054;0.006;0.008;0.006;0.009;0.003;0.019;0.012;0.002;0.003;0.003;0.006
Lampung Selatan;0.054;0.008;0.009;0.090;0.086;0.015;0.038;0.018;0.181;0.070;0.039;0.013;0.020;0.011;0.003;0.007;0.009;0.007;0.018;0.002;0.002;0.002;0.005;0.002
Lampung Timur;0.062;0.010;0.009;0.133;0.069;0.010;0.044;0.033;0.203;0.071;0.028;0.012;0.027;0.003;0.008;0.016;0.019;0.004;0.037;0.008;0.002;;0.009;0.007
Lampung Tengah;0.076;0.004;0.015;0.232;0.139;0.011;0.055;0.021;0.204;0.048;0.016;0.005;0.012;0.010;0.002;0.004;0.018;0.004;0.018;0.009;0.001;0;0.01;0.012
Lampung Utara;0.051;0.011;0.009;0.311;0.045;0.009;0.022;0.017;0.157;0.022;0.024;0.002;0.004;0.004;0.003;0.002;0.013;0.008;0.026;0.004;0.001;0.001;0.009;0
Way Kanan;0.056;0.003;0.016;0.301;0.090;0.042;0.061;0.021;0.208;0.043;0.058;0.017;0.006;0.007;0.006;0.006;0.008;0.004;0.019;0.009;0.003;0.001;0.01;0.008
Tulangbawang;0.054;0.006;0.013;0.384;0.109;0.023;0.022;0.018;0.153;0.034;0.050;0.008;0.005;0.007;0.010;0.023;0.016;0.004;0.023;0.010;0.001;;0.011;0.005
Pesawaran;0.046;0.009;0.009;0.184;0.084;0.107;0.033;0.036;0.208;0.045;0.033;0.029;0.017;0.009;0.003;0.009;0.023;0.001;0.027;0.003;0.001;0.002;0.004;0.012
Pringsewu;0.065;0.004;0.012;0.195;0.092;0.034;0.061;0.011;0.239;0.024;0.036;0.002;0.031;0.010;0.006;0.007;0.017;0.007;0.028;0.008;0.005;0.004;0.007;0.014
Mesuji;0.035;0.008;0.009;0.275;0.076;0.006;0.021;0.015;0.201;0.031;0.039;0.000;0.005;0.008;0.003;0.002;0.017;0.002;0.016;0.008;0.002;;0.004;0.013
Tulang Bawang Barat;0.041;0.016;0.016;0.255;0.084;0.010;0.020;0.029;0.158;0.031;0.051;0.002;0.007;0.011;0.005;0.013;0.010;0.002;0.021;0.027;0.011;0.003;0.01;0.007
Pesisir Barat;0.060;0.017;0.009;0.119;0.123;0.048;0.050;0.074;0.078;0.108;0.044;0.001;0.021;0.006;0.001;0.002;0.007;0.002;0.004;0.014;0;0.002;0.005;0.014
Kota Bandar Lampung;0.067;0.018;0.018;0.125;0.120;0.040;0.033;0.048;0.099;0.068;0.035;0.010;0.038;0.007;0.008;0.004;0.017;0.011;0.025;0.003;0.009;0.002;0.007;0.007
Kota Metro;0.065;0.015;0.025;0.153;0.143;0.023;0.046;0.050;0.132;0.074;0.032;0.016;0.026;0.010;0.006;0.008;0.027;0.012;0.032;0.006;0.004;0.001;0.007;0.008
Bangka;0.108;0.003;0.016;0.219;0.126;0.002;0.011;0.064;0.087;0.063;0.048;0.001;0.010;0.002;0.013;0.004;0.011;0.004;0.008;0.013;0.005;0.001;0.005;0.033
Belitung;0.061;0.007;0.013;0.277;0.040;;0.006;0.029;0.088;0.070;0.057;0.003;0.010;0.002;0.012;0.006;0.010;0.006;0.017;0.011;0.003;0;0.005;0.048
Bangka Barat;0.117;0.003;0.011;0.252;0.138;0.005;0.011;0.034;0.071;0.039;0.077;0.002;0.009;0.009;0.020;0.004;0.004;0.006;0.010;0.026;0;0;0.013;0.037
Bangka Tengah;0.088;0.006;0.016;0.386;0.126;0.001;0.014;0.033;0.085;0.039;0.080;0.001;0.010;0.003;0.007;0.004;0.009;0.007;0.016;0.006;0.001;0;0.009;0.013
Bangka Selatan;0.100;0.004;0.012;0.348;0.116;0.003;0.014;0.029;0.041;0.031;0.071;0.002;0.013;0.006;0.007;0.002;0.014;0.009;0.012;0.003;0.001;0.001;0.003;0.011
Belitung Timur;0.055;0.046;0.016;0.117;0.028;0.002;0.006;0.036;0.133;0.043;0.030;0.001;0.004;0.002;0.010;0.005;0.011;0.007;0.021;0.007;0.002;0;0.007;0.023
Kota Pangkal Pinang;0.100;0.005;0.028;0.243;0.068;0.004;0.010;0.066;0.069;0.072;0.061;0.001;0.019;0.006;0.018;0.001;0.023;0.011;0.027;0.009;0.007;0.001;0.005;0.023
Karimun;0.069;0.058;0.013;0.003;0.044;0.002;0.023;0.072;0.069;0.059;0.073;0.001;0.008;0.013;0.013;0.003;0.004;0.015;0.009;0.007;0.001;0.001;0.015;0.001
Bintan;0.092;0.041;0.022;0.005;0.070;0.002;0.005;0.026;0.140;0.083;0.046;0.001;0.020;0.004;0.015;0.007;0.016;0.011;0.010;0.007;0.003;0.001;0.017;0.007
Natuna;0.047;0.031;0.022;0.034;0.045;0.001;0.001;0.010;0.081;0.028;0.079;;0.003;0.003;0.001;0.000;0.001;0.008;0.006;0.005;0.004;;0;0.005
Lingga;0.089;0.007;0.017;0.075;0.169;0.001;0.010;0.009;0.067;0.029;0.043;0.001;0.004;0.001;0.002;0.005;0.001;0.013;0.002;0.006;;;0.029;0.173
Kepulauan Anambas;0.069;0.009;0.009;0.076;0.064;0.001;;0.020;0.070;0.017;0.018;0.004;0.002;0.001;0.004;0.001;0.009;0.003;0.004;0.001;0;0;0.003;0.001
Kota Batam;0.132;0.055;0.044;0.009;0.022;0.012;0.029;0.015;0.133;0.076;0.073;0.005;0.014;0.004;0.008;0.006;0.025;0.026;0.020;0.009;0.007;0.003;0.017;0.004
Kota Tanjung Pinang;0.116;0.038;0.025;0.006;0.030;0.000;0.014;0.023;0.157;0.104;0.065;0.002;0.014;0.002;0.012;0.004;0.013;0.014;0.014;0.010;0.002;0.001;0.017;0.01
Kepulauan Seribu;0.062;0.028;0.013;0.112;0.129;0.017;0.025;0.057;0.022;0.041;0.024;0.002;0.028;0.001;0.000;0.001;0.013;0.016;0.038;0.000;0.012;0.012;0.018;0.007
Kota Jakarta Selatan;0.097;0.012;0.031;0.082;0.083;0.014;0.031;0.101;0.038;0.141;0.044;0.010;0.032;0.013;0.006;0.001;0.017;0.008;0.035;0.002;0.02;0.018;0.006;0.011
Kota Jakarta Timur;0.115;0.009;0.018;0.085;0.076;0.006;0.026;0.077;0.039;0.118;0.049;0.002;0.021;0.008;0.007;0.003;0.009;0.014;0.034;0.003;0.033;0.007;0.006;0.006
Kota Jakarta Pusat;0.063;0.025;0.011;0.049;0.048;0.002;0.015;0.048;0.014;0.101;0.032;0.005;0.022;0.002;0.002;;0.009;0.014;0.029;0.000;0.012;0.004;0.003;0.001
Kota Jakarta Barat;0.094;0.007;0.022;0.089;0.081;0.010;0.022;0.074;0.038;0.110;0.039;0.006;0.030;0.009;0.006;0.000;0.019;0.011;0.044;0.001;0.023;0.011;0.006;0.006
Kota Jakarta Utara;0.097;0.015;0.027;0.086;0.063;0.007;0.030;0.077;0.049;0.115;0.057;0.001;0.028;0.009;0.011;0.002;0.012;0.023;0.032;0.003;0.035;0.012;0.006;0.004
Bogor;0.078;0.011;0.014;0.167;0.072;0.016;0.042;0.049;0.042;0.054;0.061;0.005;0.027;0.015;0.002;0.001;0.007;0.005;0.021;0.001;0.017;0.004;0.004;0.009
Sukabumi;0.078;0.006;0.013;0.289;0.016;0.034;0.025;0.086;0.087;0.074;0.033;0.004;0.027;0.007;0.003;0.004;0.011;0.008;0.029;0.001;0.011;0.002;0.003;0.005
Cianjur;0.076;0.006;0.012;0.329;0.018;0.014;0.033;0.055;0.120;0.075;0.032;0.002;0.019;0.012;0.004;0.005;0.005;0.005;0.018;0.005;0.008;0.002;0.002;0.007
Bandung;0.077;0.008;0.016;0.251;0.031;0.003;0.023;0.129;0.035;0.062;0.040;0.004;0.019;0.009;0.002;0.005;0.011;0.009;0.035;0.001;0.011;0.002;0.007;0.004
Garut;0.065;0.009;0.012;0.225;0.012;0.003;0.021;0.058;0.150;0.069;0.028;0.008;0.028;0.014;0.003;0.006;0.009;0.004;0.033;0.001;0.006;0.001;0.003;0.007
Tasikmalaya;0.064;0.005;0.015;0.188;0.006;0.002;0.034;0.041;0.127;0.095;0.035;0.003;0.048;0.006;0.006;0.010;0.004;0.010;0.023;0.001;0.006;0;0.002;0.006
Ciamis;0.075;0.004;0.008;0.307;0.027;0.022;0.030;0.065;0.228;0.159;0.033;0.003;0.050;0.010;0.007;0.010;0.006;0.002;0.053;0.002;0.007;;0.008;0.014
Kuningan;0.059;0.004;0.007;0.138;0.016;0.009;0.019;0.073;0.154;0.071;0.017;0.001;0.018;0.006;0.006;0.001;0.007;0.005;0.027;0.002;0.005;0.001;0.001;0.005
Cirebon;0.062;0.003;0.007;0.153;0.033;0.004;0.042;0.061;0.074;0.059;0.025;0.000;0.013;0.005;0.002;0.002;0.010;0.008;0.018;0.001;0.006;0.002;0.004;0.008
Majalengka;0.074;0.001;0.008;0.203;0.011;0.006;0.035;0.080;0.086;0.082;0.036;0.000;0.021;0.013;0.005;0.004;0.013;0.006;0.029;0.001;0.015;0.005;0.01;0.007
Sumedang;0.086;0.009;0.012;0.255;0.027;0.011;0.025;0.111;0.152;0.108;0.026;0.005;0.034;0.010;0.007;0.006;0.008;0.010;0.031;0.004;0.007;0.014;0.006;0.02
Indramayu;0.094;0.002;0.014;0.293;0.052;0.011;0.097;0.045;0.108;0.051;0.043;;0.007;0.004;0.006;0.003;0.009;0.007;0.024;0.002;0.011;0.001;0.018;0
Subang;0.072;0.007;0.005;0.271;0.049;0.003;0.044;0.053;0.048;0.061;0.034;0.002;0.009;0.006;0.016;0.006;0.002;0.006;0.021;0.001;0.012;0.002;0.001;0.004
Purwakarta;0.085;0.005;0.014;0.253;0.034;0.025;0.020;0.047;0.085;0.047;0.047;0.002;0.015;0.003;0.002;0.004;0.012;0.006;0.022;0.001;0.02;0.001;0.003;0.012
Karawang;0.080;0.013;0.006;0.227;0.057;0.007;0.041;0.020;0.042;0.066;0.053;0.002;0.013;0.010;0.002;0.002;0.005;0.007;0.020;0.005;0.015;0.003;0.004;0.004
Bekasi;0.087;0.007;0.019;0.204;0.069;0.027;0.037;0.065;0.050;0.065;0.039;0.003;0.016;0.005;0.004;0.003;0.013;0.012;0.034;0.002;0.012;0.007;0.006;0.002
Bandung Barat;0.062;0.003;0.014;0.296;0.019;0.003;0.022;0.082;0.059;0.056;0.022;0.004;0.024;0.006;0.002;0.005;0.013;0.008;0.027;0.005;0.01;0.003;0.004;0.011
Pangandaran;0.067;0.006;0.015;0.254;0.006;0.005;0.038;0.056;0.158;0.119;0.025;0.002;0.065;0.005;0.015;0.004;0.020;0.008;0.037;0.004;0.006;0;0.013;0.005
Kota Bogor;0.093;0.012;0.018;0.138;0.060;0.020;0.030;0.091;0.051;0.101;0.034;0.004;0.043;0.013;0.004;0.002;0.021;0.009;0.024;0.002;0.017;0.003;0.003;0.006
Kota Sukabumi;0.077;0.010;0.012;0.189;0.011;0.010;0.028;0.084;0.056;0.072;0.030;0.001;0.024;0.006;0.008;0.009;0.012;0.007;0.022;0.001;0.014;0.002;0.003;0.008
Kota Bandung;0.101;0.005;0.019;0.160;0.030;0.011;0.025;0.144;0.023;0.080;0.047;0.003;0.022;0.007;0.006;0.002;0.015;0.010;0.027;0.001;0.013;0.003;0.006;0.006
Kota Cirebon;0.060;0.002;0.011;0.138;0.039;0.011;0.053;0.116;0.057;0.083;0.034;0.003;0.020;0.002;0.013;0.001;0.010;0.008;0.036;0.001;0.012;0;0.005;0.004
Kota Bekasi;0.098;0.007;0.019;0.087;0.072;0.010;0.027;0.089;0.049;0.140;0.052;0.005;0.033;0.012;0.013;0.001;0.024;0.016;0.043;0.000;0.016;0.016;0.009;0.007
Kota Depok;0.104;0.006;0.023;0.084;0.070;0.018;0.027;0.093;0.038;0.090;0.052;0.003;0.037;0.020;0.007;0.000;0.018;0.015;0.035;0.003;0.023;0.006;0.009;0.012
Kota Cimahi;0.094;0.007;0.012;0.176;0.033;0.008;0.024;0.112;0.036;0.065;0.030;0.004;0.023;0.006;0.003;0.002;0.012;0.013;0.029;0.002;0.009;0.004;0.004;0.007
Kota Tasikmalaya;0.069;0.006;0.011;0.211;0.015;0.007;0.037;0.079;0.114;0.116;0.042;0.003;0.059;0.009;0.002;0.005;0.012;0.004;0.030;0.000;0.017;0;0.003;0.004
Kota Banjar;0.081;0.004;0.017;0.424;0.011;0.006;0.054;0.051;0.209;0.228;0.035;0.001;0.072;0.019;0.006;0.007;0.017;0.004;0.049;0.007;0.021;0.001;0.024;0.004
Cilacap;0.065;0.004;0.010;0.123;0.022;0.004;0.025;0.064;0.090;0.106;0.029;0.001;0.012;0.020;0.002;0.004;0.018;0.004;0.038;0.003;0.005;0.001;0.009;0.006
Banyumas;0.060;0.002;0.016;0.248;0.055;0.047;0.035;0.076;0.176;0.095;0.036;0.001;0.021;0.021;0.007;0.006;0.010;0.005;0.020;0.004;0.008;0.007;0.006;0.006
Purbalingga;0.058;0.003;0.013;0.273;0.154;0.056;0.037;0.081;0.121;0.088;0.039;0.000;0.013;0.019;0.015;0.001;0.014;0.005;0.038;0.001;0.01;0.018;0.008;0.005
Banjarnegara;0.053;0.005;0.011;0.272;0.039;0.030;0.044;0.061;0.170;0.067;0.032;0.001;0.021;0.012;0.010;0.013;0.011;0.006;0.026;0.002;0.007;0.006;0.004;0.008
Kebumen;0.066;0.003;0.011;0.217;0.013;0.024;0.032;0.037;0.211;0.119;0.024;0.001;0.021;0.030;0.005;0.004;0.016;0.005;0.050;0.002;0.003;0.008;0.009;0.012
Purworejo;0.078;0.004;0.016;0.110;0.008;0.065;0.038;0.043;0.200;0.093;0.022;0.001;0.031;0.020;0.008;0.002;0.024;0.009;0.021;0.002;0.004;0.02;0.008;0.011
Wonosobo;0.066;0.004;0.010;0.286;0.005;0.028;0.056;0.059;0.173;0.093;0.022;0.003;0.036;0.017;0.020;0.019;0.022;0.004;0.020;0.001;0.003;0.007;0.003;0.01
Magelang;0.058;0.002;0.009;0.223;0.014;0.017;0.034;0.035;0.117;0.092;0.021;0.002;0.025;0.010;0.004;0.006;0.015;0.006;0.012;0.001;0.005;0.008;0.008;0.008
Boyolali;0.071;0.001;0.015;0.126;0.018;0.012;0.017;0.058;0.134;0.071;0.011;0.003;0.055;0.009;0.001;0.000;0.014;0.005;0.023;0.000;0.006;0.003;0.007;0.003
Klaten;0.087;0.004;0.024;0.134;0.027;0.016;0.017;0.061;0.143;0.105;0.032;0.001;0.048;0.012;0.003;0.002;0.025;0.013;0.031;0.001;0.005;0.009;0.015;0.009
Sukoharjo;0.068;0.002;0.010;0.108;0.025;0.006;0.029;0.103;0.082;0.100;0.033;0.001;0.034;0.011;0.003;0.002;0.010;0.004;0.028;0.004;0.006;0.005;0.01;0.009
Wonogiri;0.065;0.002;0.016;0.111;0.007;0.013;0.036;0.041;0.167;0.081;0.011;0.001;0.034;0.010;0.003;0.002;0.016;0.001;0.041;0.000;0.003;0.004;0.002;0.004
Karanganyar;0.070;0.002;0.018;0.141;0.025;0.020;0.046;0.087;0.089;0.102;0.033;0.001;0.051;0.014;0.007;0.002;0.021;0.005;0.026;0.000;0.012;0.008;0.006;0.008
Sragen;0.105;0.003;0.017;0.140;0.020;0.010;0.048;0.067;0.142;0.082;0.058;0.002;0.040;0.015;0.004;0.002;0.028;0.011;0.038;0.002;0.017;0.005;0.014;0.007
Grobogan;0.072;0.001;0.012;0.123;0.019;0.003;0.029;0.018;0.225;0.064;0.035;0.000;0.010;0.008;0.002;0.000;0.015;0.010;0.028;0.001;0.009;0.005;0.011;0.005
Blora;0.055;0.001;0.008;0.181;0.018;0.008;0.032;0.014;0.184;0.045;0.059;0.001;0.009;0.021;0.000;0.001;0.018;0.008;0.036;0.001;0.006;0.005;0.012;0.008
Rembang;0.068;;0.014;0.147;0.030;0.012;0.046;0.006;0.119;0.021;0.045;0.001;0.014;0.008;0.002;0.004;0.020;0.015;0.030;0.004;0.002;0.004;0.012;0.008
Pati;0.115;0.001;0.014;0.111;0.062;0.007;0.050;0.016;0.152;0.068;0.054;0.001;0.023;0.017;0.002;0.003;0.018;0.006;0.043;0.007;0.012;0.005;0.007;0.005
Kudus;0.078;0.003;0.013;0.110;0.034;0.006;0.031;0.018;0.121;0.035;0.028;0.000;0.024;0.010;0.003;0.005;0.019;0.006;0.025;0.003;0.004;0.009;0.011;0.004
Jepara;0.085;0.002;0.011;0.087;0.055;0.004;0.054;0.023;0.129;0.044;0.015;0.000;0.015;0.010;0.004;0.002;0.006;0.006;0.030;0.002;0.004;0.01;0.009;0.006
Demak;0.089;0.009;0.018;0.131;0.031;0.006;0.062;0.052;0.089;0.053;0.034;0.002;0.015;0.018;0.002;0.002;0.009;0.009;0.021;0.000;0.004;0.014;0.008;0.005
Semarang;0.066;0.002;0.017;0.251;0.022;0.039;0.032;0.071;0.152;0.094;0.014;0.004;0.060;0.010;0.005;0.010;0.014;0.003;0.025;0.002;0.013;0.011;0.008;0.005
Temanggung;0.052;0.001;0.006;0.213;0.015;0.014;0.022;0.037;0.172;0.074;0.019;0.000;0.015;0.006;0.005;0.007;0.015;0.003;0.014;;0.004;0.005;0.002;0.006
Kendal;0.057;0.003;0.014;0.155;0.019;0.019;0.023;0.038;0.116;0.051;0.031;0.002;0.033;0.009;0.005;0.006;0.018;0.008;0.021;0.001;0.012;0.008;0.014;0.008
Batang;0.076;0.004;0.009;0.205;0.025;0.033;0.032;0.050;0.105;0.063;0.032;0.000;0.028;0.011;0.008;0.005;0.009;0.008;0.023;0.000;0.01;0.002;0.008;0.003
Pekalongan;0.047;0.006;0.008;0.147;0.019;0.024;0.025;0.062;0.104;0.065;0.038;0.001;0.010;0.005;0.005;0.009;0.004;0.005;0.018;0.001;0.01;0.002;0.007;0.001
Pemalang;0.066;0.002;0.012;0.220;0.035;0.013;0.044;0.036;0.141;0.059;0.028;0.000;0.012;0.018;0.018;0.010;0.015;0.005;0.019;0.001;0.008;0.005;0.008;0.003
Tegal;0.058;0.002;0.009;0.153;0.024;0.002;0.036;0.052;0.114;0.044;0.023;0.001;0.009;0.009;0.003;0.003;0.005;0.004;0.014;0.001;0.006;0.001;0.002;0.005
Brebes;0.071;0.002;0.007;0.161;0.024;0.013;0.025;0.045;0.092;0.045;0.026;0.000;0.007;0.015;0.003;0.003;0.008;0.007;0.024;0.002;0.009;0.003;0.004;0.004
Kota Magelang;0.084;0.009;0.023;0.146;0.020;0.029;0.029;0.077;0.076;0.090;0.037;0.002;0.029;0.007;0.006;0.005;0.021;0.005;0.026;0.005;0.01;0.011;0.006;0.011
Kota Surakarta;0.064;0.003;0.019;0.113;0.025;0.015;0.030;0.098;0.038;0.091;0.038;0.002;0.056;0.010;0.005;0.000;0.009;0.003;0.018;0.001;0.009;0.002;0.003;0.005
Kota Salatiga;0.075;0.000;0.022;0.277;0.020;0.051;0.046;0.110;0.156;0.096;0.018;0.003;0.095;0.010;0.005;0.003;0.016;0.004;0.045;0.001;0.016;0.009;0.013;0.008
Kota Semarang;0.072;0.004;0.022;0.103;0.024;0.010;0.025;0.112;0.086;0.079;0.039;0.003;0.035;0.011;0.006;0.001;0.022;0.011;0.024;0.002;0.017;0.009;0.006;0.011
Kota Pekalongan;0.034;0.004;0.004;0.098;0.012;0.008;0.022;0.040;0.081;0.077;0.042;0.001;0.015;0.007;0.002;0.001;0.004;0.004;0.022;0.000;0.004;0.001;0.006;0.003
Kota Tegal;0.051;0.003;0.010;0.122;0.017;0.003;0.031;0.010;0.116;0.054;0.042;;0.011;0.013;0.006;0.005;0.004;0.004;0.018;0.001;0.012;0.002;0.004;0.004
Kulon Progo;0.080;0.001;0.016;0.096;0.012;0.057;0.033;0.040;0.200;0.074;0.030;0.001;0.022;0.013;0.004;0.001;0.011;0.005;0.035;0.001;0.002;0.031;0.008;0.008
Bantul;0.084;0.002;0.024;0.113;0.035;0.034;0.058;0.040;0.155;0.107;0.043;0.003;0.046;0.021;0.011;0.005;0.023;0.010;0.048;0.003;0.009;0.009;0.011;0.017
Gunung Kidul;0.076;0.000;0.018;0.123;0.017;0.015;0.044;0.030;0.168;0.092;0.032;0.000;0.027;0.009;0.002;0.002;0.012;0.008;0.055;0.000;0.004;0.002;0.005;0.02
Sleman;0.102;0.005;0.031;0.180;0.036;0.044;0.045;0.053;0.139;0.139;0.077;0.003;0.082;0.011;0.009;0.003;0.020;0.012;0.024;0.001;0.011;0.01;0.012;0.011
Kota Yogyakarta;0.083;0.004;0.028;0.091;0.031;0.018;0.040;0.053;0.085;0.104;0.056;0.002;0.046;0.013;0.007;0.003;0.021;0.012;0.038;;0.012;0.007;0.006;0.01
Pacitan;0.059;0.002;0.019;0.113;0.004;0.006;0.025;0.036;0.174;0.083;0.031;0.001;0.047;0.006;0.006;0.008;0.009;0.005;0.024;0.001;0.002;0.002;0.004;0.01
Ponorogo;0.049;0.000;0.020;0.071;0.009;0.004;0.026;0.021;0.151;0.113;0.028;0.002;0.051;0.012;0.003;0.004;0.022;0.004;0.051;0.001;0.002;0.008;0.005;0.018
Trenggalek;0.052;0.002;0.022;0.071;0.010;0.006;0.035;0.023;0.152;0.126;0.045;0.003;0.083;0.007;0.005;0.013;0.025;0.005;0.044;0.000;0.006;0.003;0.005;0.014
Tulungagung;0.045;0.002;0.015;0.067;0.021;0.008;0.034;0.054;0.107;0.122;0.069;0.001;0.092;0.006;0.002;0.005;0.016;0.004;0.068;0.002;0.004;0.004;0.011;0.014
Blitar;0.039;0.004;0.024;0.083;0.006;0.029;0.030;0.063;0.126;0.134;0.075;0.002;0.077;0.016;0.007;0.013;0.027;0.006;0.053;0.001;0.011;0.01;0.009;0.01
Kediri;0.054;0.002;0.020;0.105;0.011;0.018;0.043;0.041;0.124;0.102;0.072;0.001;0.090;0.006;0.022;0.004;0.018;0.009;0.056;0.002;0.004;0.001;0.007;0.013
Malang;0.019;0.001;0.013;0.137;0.004;0.015;0.033;0.062;0.095;0.095;0.031;0.003;0.053;0.007;0.006;0.004;0.012;0.003;0.040;0.001;0.013;0.003;0.004;0.006
Lumajang;0.034;0.006;0.014;0.070;0.021;0.023;0.122;0.045;0.158;0.172;0.087;0.003;0.089;0.012;0.007;0.014;0.008;0.010;0.048;0.006;0.014;0.007;0.016;0.009
Jember;0.028;0.007;0.013;0.076;0.019;0.026;0.071;0.021;0.122;0.078;0.032;0.001;0.067;0.032;0.003;0.006;0.013;0.005;0.021;0.001;0;0.01;0.007;0.011
Banyuwangi;0.032;0.005;0.022;0.053;0.031;0.025;0.079;0.038;0.126;0.127;0.082;0.003;0.079;0.008;0.007;0.009;0.015;0.012;0.045;0.007;0.01;0.008;0.015;0.01
Bondowoso;0.025;0.004;0.007;0.038;0.011;0.015;0.061;0.044;0.092;0.092;0.019;0.003;0.033;0.015;0.003;0.005;0.003;0.004;0.024;0.003;0.002;0.003;0.004;0.015
Situbondo;0.016;0.010;0.008;0.063;0.011;0.013;0.056;0.039;0.104;0.090;0.044;0.005;0.027;0.012;0.003;0.005;0.005;0.029;0.028;0.003;0.009;0;0.02;0.024
Probolinggo;0.017;0.003;0.015;0.067;0.025;0.018;0.085;0.010;0.132;0.056;0.028;0.002;0.082;0.009;0.004;0.006;0.006;0.005;0.020;0.002;0.006;0.008;0.009;0.02
Pasuruan;0.026;0.001;0.016;0.171;0.017;0.033;0.103;0.026;0.115;0.045;0.029;0.002;0.089;0.006;0.004;0.013;0.003;0.006;0.037;;0.012;0.004;0.007;0.004
Sidoarjo;0.048;0.004;0.017;0.074;0.030;0.008;0.047;0.025;0.108;0.092;0.086;0.004;0.069;0.006;0.005;0.004;0.010;0.008;0.045;0.001;0.02;0.003;0.006;0.007
Mojokerto;0.046;0.001;0.017;0.134;0.041;0.021;0.061;0.030;0.123;0.083;0.043;0.001;0.068;0.005;0.004;0.006;0.010;0.017;0.050;0.000;0.023;0.005;0.007;0.009
Jombang;0.026;0.000;0.009;0.090;0.013;0.019;0.059;0.019;0.152;0.056;0.028;0.001;0.043;0.004;0.003;0.002;0.010;0.008;0.051;0.000;0.008;0.002;0.004;0.007
Nganjuk;0.046;0.004;0.014;0.088;0.006;0.008;0.053;0.025;0.151;0.091;0.029;0.001;0.030;0.009;0.003;0.004;0.017;0.005;0.059;0.001;0.008;0.002;0.003;0.015
Madiun;0.057;0.001;0.015;0.168;0.021;0.055;0.040;0.013;0.149;0.106;0.037;0.002;0.034;0.008;0.004;0.005;0.021;0.009;0.035;0.000;0.01;0.013;0.004;0.017
Magetan;0.084;0.001;0.017;0.100;0.010;0.013;0.033;0.026;0.178;0.114;0.049;0.002;0.048;0.009;0.004;0.001;0.015;0.004;0.052;0.002;0.011;0.006;0.003;0.008
Ngawi;0.066;0.000;0.017;0.170;0.018;0.006;0.059;0.035;0.153;0.088;0.059;0.000;0.026;0.018;0.004;0.001;0.015;0.004;0.033;0.001;0.006;0.014;0.005;0.006
Bojonegoro;0.057;0.006;0.013;0.220;0.016;0.002;0.080;0.006;0.110;0.071;0.105;0.001;0.006;0.014;0.002;0.003;0.017;0.008;0.025;0.002;0.01;0.005;0.008;0.013
Tuban;0.057;0.001;0.015;0.194;0.020;0.003;0.053;0.008;0.108;0.045;0.080;0.002;0.008;0.012;0.007;0.001;0.012;0.015;0.043;0.001;0.018;0.006;0.013;0.014
Lamongan;0.061;;0.011;0.161;0.018;0.005;0.067;0.004;0.126;0.051;0.047;0.007;0.020;0.008;0.004;0.004;0.019;0.015;0.046;0.001;0.025;0.006;0.013;0.008
Gresik;0.070;0.001;0.013;0.122;0.023;0.018;0.058;0.018;0.125;0.087;0.083;0.003;0.047;0.009;0.011;0.002;0.005;0.012;0.033;0.001;0.015;0.004;0.01;0.008
Bangkalan;0.041;0.004;0.008;0.213;0.012;0.005;0.047;0.009;0.060;0.062;0.019;0.000;0.017;0.002;0.008;0.003;0.001;0.002;0.021;0.000;0.002;0.002;0.002;0.004
Sampang;0.013;0.000;0.004;0.166;0.005;0.002;0.044;0.003;0.070;0.017;0.008;0.000;0.009;0.004;0.001;0.000;0.001;0.002;0.019;0.000;0.001;0.004;0.004;0.009
Pamekasan;0.040;0.002;0.012;0.105;0.008;0.012;0.058;0.011;0.090;0.067;0.015;0.004;0.024;0.008;0.001;0.001;0.002;0.009;0.029;0.000;0.007;0.002;0.012;0.012
Sumenep;0.045;0.006;0.014;0.102;0.012;0.007;0.057;0.029;0.122;0.101;0.011;0.002;0.025;0.011;0.011;0.005;0.003;0.015;0.057;0.003;0.003;0.002;0.007;0.013
Kota Kediri;0.033;0.001;0.022;0.068;0.011;0.005;0.041;0.044;0.094;0.087;0.060;0.002;0.058;0.007;0.012;0.002;0.020;0.006;0.063;0.000;0.018;0.001;0.004;0.007
Kota Blitar;0.041;0.005;0.035;0.030;0.003;0.027;0.052;0.070;0.084;0.116;0.068;0.003;0.108;0.018;0.009;0.009;0.037;0.015;0.054;0.001;0.019;0.003;0.006;0.014
Kota Malang;0.049;0.001;0.032;0.091;0.010;0.004;0.047;0.075;0.101;0.130;0.096;0.005;0.071;0.016;0.007;0.003;0.014;0.011;0.057;0.001;0.015;0.002;0.004;0.009
Kota Probolinggo;0.026;0.001;0.017;0.067;0.048;0.009;0.092;0.007;0.116;0.065;0.033;0.000;0.089;0.009;0.006;0.001;0.005;0.007;0.019;0.002;0.022;0.009;0.004;0.012
Kota Pasuruan;0.033;;0.012;0.087;0.013;0.044;0.068;0.036;0.149;0.054;0.024;0.003;0.096;0.007;0.003;0.006;0.005;0.010;0.048;0.001;0.008;0.002;0.005;0.007
Kota Mojokerto;0.045;0.001;0.024;0.058;0.028;0.013;0.048;0.053;0.152;0.107;0.050;0.005;0.066;0.004;0.014;0.003;0.008;0.015;0.040;0.003;0.012;0.004;0.014;0.002
Kota Madiun;0.083;0.000;0.026;0.099;0.018;0.011;0.039;0.040;0.145;0.119;0.052;0.005;0.045;0.010;0.007;0.002;0.014;0.009;0.021;0.001;0.011;0.004;0.003;0.016
Kota Surabaya;0.072;0.003;0.030;0.118;0.036;0.016;0.057;0.034;0.101;0.115;0.086;0.012;0.066;0.005;0.019;0.005;0.023;0.022;0.039;0.001;0.036;0.014;0.023;0.016
Kota Batu;0.058;0.005;0.023;0.121;0.004;0.006;0.024;0.083;0.088;0.112;0.040;0.001;0.067;0.012;0.004;0.005;0.023;0.004;0.027;0.001;0.025;0.001;0.003;0.008
Pandeglang;0.054;0.006;0.004;0.261;0.053;0.024;0.041;0.030;0.096;0.047;0.016;0.000;0.007;0.007;0.002;0.004;0.004;0.004;0.008;0.003;0.004;0.002;0.008;0.009
Lebak;0.059;0.004;0.006;0.244;0.128;0.055;0.044;0.063;0.221;0.048;0.023;0.013;0.004;0.007;0.010;0.005;0.001;0.005;0.006;0.005;0.007;0.025;0.006;0.021
Tangerang;0.057;0.012;0.007;0.133;0.100;0.014;0.026;0.026;0.055;0.065;0.021;0.002;0.014;0.007;0.003;0.002;0.008;0.014;0.033;0.002;0.01;0.003;0.006;0.004
Serang;0.069;0.001;0.009;0.206;0.103;0.021;0.040;0.022;0.060;0.041;0.018;0.004;0.010;0.006;0.000;0.001;0.008;0.010;0.016;0.001;0.009;0.002;0.006;0.018
Kota Tangerang;0.098;0.008;0.027;0.097;0.082;0.006;0.023;0.081;0.057;0.149;0.038;0.004;0.038;0.008;0.004;;0.015;0.010;0.049;0.003;0.015;0.021;0.007;0.003
Kota Cilegon;0.065;0.009;0.012;0.197;0.098;0.040;0.041;0.027;0.059;0.046;0.050;0.014;0.017;0.006;0.001;0.001;0.020;0.009;0.036;0.003;0.015;0.007;0.011;0.007
Kota Serang;0.056;0.004;0.010;0.303;0.055;0.034;0.052;0.033;0.057;0.044;0.021;0.004;0.010;0.002;0.002;0.001;0.010;0.005;0.017;0.001;0.014;0.01;0.01;0.015
Kota Tangerang Selatan;0.098;0.015;0.033;0.083;0.089;0.006;0.033;0.077;0.038;0.132;0.046;0.002;0.029;0.011;0.003;0.001;0.020;0.016;0.035;0.001;0.017;0.011;0.006;0.01
Jembrana;0.077;0.002;0.048;0.011;0.006;0.013;0.068;0.011;0.187;0.096;0.036;0.003;0.023;0.005;0.007;0.005;0.016;0.050;0.039;0.002;0.002;0.01;0.01;0.006
Tabanan;0.101;0.016;0.045;0.044;0.003;0.025;0.053;0.042;0.129;0.087;0.030;0.003;0.024;0.014;0.006;0.006;0.010;0.007;0.029;0.001;0.008;0.024;0.002;0.004
Badung;0.093;0.016;0.040;0.059;0.005;0.019;0.043;0.037;0.096;0.118;0.043;0.007;0.031;0.007;0.006;0.006;0.013;0.022;0.033;0.002;0.014;0.006;0.008;
Gianyar;0.121;0.011;0.075;0.102;0.001;0.008;0.115;0.079;0.193;0.053;0.037;0.011;0.016;0.009;0.007;0.001;0.020;0.046;0.058;0.003;0.004;0.041;0.009;0.001
Klungkung;0.157;0.015;0.095;0.083;0.001;0.002;0.119;0.036;0.245;0.044;0.013;0.002;0.002;0.006;0.001;0.002;0.030;0.043;0.027;0.002;0.001;0.039;0.004;0.013
Bangli;0.139;0.019;0.067;0.069;0.001;0.015;0.091;0.063;0.193;0.068;0.022;0.001;0.024;0.006;0.006;0.025;0.023;0.021;0.026;0.002;0.003;0.028;0.01;0.004
Karangasem;0.079;0.002;0.044;0.047;0.007;0.033;0.095;0.020;0.162;0.036;0.006;0.016;0.006;0.002;0.002;0.003;0.012;0.017;0.020;;;0.018;0.006;0.007
Buleleng;0.068;0.015;0.049;0.103;0.001;0.040;0.064;0.011;0.184;0.060;0.018;0.004;0.015;0.001;0.006;0.004;0.012;0.026;0.024;0.003;0.002;0.055;0.007;0.006
Kota Denpasar;0.063;0.006;0.042;0.032;0.002;0.010;0.028;0.071;0.058;0.138;0.072;0.004;0.016;0.007;0.006;0.001;0.012;0.008;0.018;0.000;0.008;0.006;0.003;0
Lombok Barat;0.039;0.002;0.022;0.103;0.013;0.034;0.047;0.011;0.109;0.079;0.018;0.001;0.034;0.007;0.006;0.009;0.016;0.008;0.022;0.003;0.002;0.01;0.013;0.019
Lombok Tengah;0.050;0.002;0.027;0.067;0.007;0.017;0.095;0.026;0.090;0.064;0.007;;0.037;0.010;0.003;0.007;0.013;0.010;0.031;0.001;0.002;0.004;0.014;0.023
Lombok Timur;0.070;0.005;0.034;0.100;0.010;0.019;0.098;0.039;0.117;0.120;0.019;0.001;0.097;0.007;0.011;0.008;0.017;0.015;0.032;0.002;0.001;0.003;0.022;0.025
Sumbawa;0.042;0.004;0.032;0.050;0.006;0.015;0.040;0.012;0.114;0.038;0.008;0.000;0.044;0.010;0.005;0.003;0.016;0.018;0.052;;0.004;0.003;0.009;0.025
Dompu;0.024;0.004;0.028;0.043;0.003;0.020;0.064;0.007;0.077;0.051;0.012;0.000;0.024;0.008;0.000;0.002;0.006;0.012;0.018;0.000;;0.002;0.005;0.016
Bima;0.014;0.007;0.014;0.035;0.000;0.011;0.047;0.012;0.062;0.020;0.010;0.000;0.031;0.010;0.001;0.001;0.004;0.008;0.018;0.003;0.001;0.003;0.004;0.044
Sumbawa Barat;0.069;0.001;0.072;0.087;0.004;0.044;0.057;0.025;0.075;0.087;0.045;0.001;0.032;0.007;0.003;0.001;0.020;0.028;0.052;0.002;0.005;0.007;0.02;0.009
Lombok Utara;0.071;0.005;0.029;0.126;0.006;0.066;0.041;0.024;0.114;0.063;0.086;0.001;0.080;0.012;0.012;0.005;0.007;0.015;0.034;0.003;0;0.011;0.029;0.019
Kota Mataram;0.062;0.006;0.039;0.041;0.011;0.026;0.042;0.015;0.119;0.120;0.067;0.003;0.073;0.008;0.011;0.006;0.031;0.030;0.055;0.001;0.007;0.001;0.015;0.014
Kota Bima;0.020;0.001;0.025;0.040;0.001;0.018;0.055;0.004;0.100;0.042;0.008;0.000;0.031;0.005;0.001;0.000;0.016;0.016;0.014;0.001;;0.003;0.009;0.024
Sumba Barat;0.003;0.001;0.005;0.006;;0.008;0.003;0.036;0.056;0.058;0.001;0.000;0.049;0.008;0.000;0.002;0.000;0.000;0.001;;;;0;0.024
Sumba Timur;0.012;;0.013;0.014;0.000;0.014;0.019;0.034;0.145;0.073;0.010;0.000;0.029;0.017;0.002;0.003;;0.004;0.022;0.000;0;;0;0.038
Kupang;0.004;;0.008;0.004;;;0.006;0.035;0.165;0.090;0.025;0.002;0.016;0.007;0.001;0.002;0.004;0.002;0.005;;0;;0.002;0.004
Timor Tengah Selatan;0.002;0.008;0.005;0.002;0.000;0.000;0.006;0.012;0.234;0.090;0.006;0.005;0.094;0.020;0.016;0.018;0.000;0.001;0.000;0.000;;;0.001;0.031
Timor Tengah Utara;0.004;0.004;0.009;;;;0.001;0.047;0.122;0.064;0.022;0.001;0.050;0.012;0.006;0.003;0.000;0.000;0.003;;;;0.002;0.019
Belu;0.014;0.003;0.005;0.002;;;0.001;0.013;0.123;0.064;0.022;0.005;0.031;0.009;0.005;0.001;0.002;0.004;0.009;0.000;;;;0.007
Alor;0.001;0.003;0.002;0.002;;;0.002;0.051;0.249;0.030;0.006;0.003;0.015;0.007;0.001;0.001;0.000;0.003;0.005;0.004;;;;0.023
Lembata;0.004;0.006;0.005;0.013;;0.000;0.012;0.019;0.255;0.012;0.108;0.004;0.068;0.002;0.039;0.006;0.001;0.002;0.099;0.001;;;0;0.007
Flores Timur;0.012;0.010;0.016;0.038;0.000;0.000;0.023;0.033;0.197;0.034;0.019;0.006;0.060;0.003;0.010;0.001;0.007;0.002;0.034;0.001;;;0.004;0.002
Sikka;0.004;0.008;0.008;0.009;;0.004;0.023;0.019;0.085;0.089;0.003;0.000;0.074;0.004;0.011;0.008;0.001;0.005;0.007;0.001;;;0;0.016
Ende;0.005;0.006;0.003;0.007;;0.005;0.005;0.002;0.103;0.110;0.011;0.000;0.028;0.002;0.011;0.001;0.000;0.000;0.005;;;0;;0.001
Ngada;0.008;0.010;0.013;0.022;;0.003;0.011;0.021;0.075;0.093;0.008;0.026;0.085;0.007;0.017;0.007;0.001;0.004;0.010;0.001;;;;0.007
Manggarai;0.003;0.006;0.006;0.001;;0.017;0.002;0.031;0.045;0.043;0.003;0.002;0.035;0.010;0.008;0.009;0.000;;0.013;;;;;0.004
Rote Ndao;0.005;0.000;0.005;0.001;;;0.002;0.026;0.045;0.030;;;0.004;0.001;;0.002;0.000;0.003;0.010;;;;0.002;0.002
Manggarai Barat;0.003;0.003;0.008;0.003;0.003;0.074;0.005;0.026;0.039;0.041;0.004;0.002;0.027;0.001;0.013;0.001;0.000;0.001;0.017;0.001;;;;0.008
Sumba Tengah;0.005;;0.002;0.004;;0.004;0.002;0.037;0.058;0.077;0.002;0.001;0.043;0.019;0.001;0.000;;0.000;0.000;;;;;0.027
Sumba Barat Daya;0.003;;0.002;0.017;;0.007;0.005;0.066;0.094;0.115;0.003;0.015;0.023;0.006;0.002;0.001;0.000;0.000;0.014;0.001;;0.002;;0.049
Nagekeo;0.004;0.005;0.006;0.009;0.000;0.004;0.020;0.014;0.081;0.035;0.004;0.006;0.053;0.002;0.024;0.000;;0.002;0.007;0.001;;;;0.008
Manggarai Timur;0.001;0.011;0.002;0.008;;0.004;0.028;0.049;0.036;0.072;0.006;0.001;0.027;0.005;0.026;0.009;0.001;;0.006;0.002;;;0;0
Sabu Raijua;0.004;0.030;0.006;;;;0.005;0.046;0.028;0.040;0.017;0.002;0.002;0.002;0.001;;0.010;0.002;0.004;0.000;;;0.001;0.001
Malaka;0.005;0.014;0.005;0.000;0.000;0.000;0.004;0.057;0.117;0.072;0.028;0.002;0.049;0.045;0.007;0.005;0.000;0.002;0.018;0.002;;;0;0.006
Kota Kupang;0.016;0.001;0.023;0.008;;0.000;0.012;0.053;0.067;0.040;0.005;0.000;0.035;0.002;0.001;0.002;0.004;0.005;0.010;0.000;;;0;0.006
Sambas;0.058;0.001;0.008;0.075;0.076;0.001;0.002;0.011;0.163;0.069;0.028;0.000;0.000;0.016;0.019;0.003;0.008;0.005;0.037;0.015;;0.003;0.003;0.108
Bengkayang;0.050;0.001;0.011;0.040;0.047;0.010;0.006;0.012;0.135;0.072;0.064;0.001;0.001;0.007;0.012;0.004;0.004;0.002;0.013;0.003;0.002;0.005;0.001;0.046
Landak;0.044;0.006;0.006;0.072;0.028;0.006;0.010;0.003;0.104;0.037;0.041;0.000;0.001;0.001;0.005;0.014;0.001;0.002;0.002;0.002;;0.002;0.004;0.072
Mempawah;0.057;0.007;0.009;0.026;0.030;0.002;0.009;0.006;0.143;0.069;0.083;0.000;0.002;0.003;0.063;0.015;0.004;0.004;0.021;0.017;0;;0.006;0.063
Sanggau;0.037;0.003;0.006;0.094;0.051;0.014;0.007;0.023;0.058;0.032;0.055;0.000;0.002;0.002;0.015;0.003;0.004;0.001;0.006;0.005;0.002;0.003;0.021;0.079
Ketapang;0.039;0.008;0.016;0.075;0.040;0.020;0.014;0.011;0.115;0.037;0.078;0.001;0.002;0.003;0.027;0.006;0.013;0.006;0.011;0.005;0.006;0;0.012;0.026
Sintang;0.060;0.006;0.011;0.128;0.044;0.036;0.011;0.018;0.130;0.050;0.103;0.000;0.002;0.007;0.013;0.007;0.001;0.002;0.009;0.010;0.001;0.002;0.017;0.07
Kapuas Hulu;0.034;0.018;0.012;0.081;0.097;0.019;0.007;0.028;0.098;0.015;0.055;0.001;;0.005;0.010;0.004;0.002;0.002;0.008;0.008;;0.002;0.016;0.107
Sekadau;0.058;0.023;0.015;0.170;0.147;0.101;0.008;0.007;0.155;0.049;0.069;0.001;0.000;0.009;0.033;0.018;0.019;0.009;0.015;0.020;0.001;0.01;0.111;0.139
Melawi;0.034;0.004;0.004;0.030;0.051;0.009;0.008;0.017;0.047;0.022;0.049;0.001;0.001;0.001;0.006;0.003;0.002;0.005;0.001;0.002;0;0;0.001;0.033
Kayong Utara;0.038;0.004;0.014;0.069;0.031;0.011;0.004;0.042;0.146;0.024;0.050;0.000;0.001;0.005;0.009;0.007;0.002;0.003;0.001;0.003;0.004;0.002;0.009;0.066
Kubu Raya;0.033;0.007;0.009;0.057;0.070;0.017;0.005;0.015;0.181;0.064;0.103;0.000;0.005;0.014;0.031;0.009;0.008;0.005;0.018;0.014;0.001;0.009;0.008;0.047
Kota Pontianak;0.072;0.009;0.016;0.012;0.064;0.004;0.004;0.011;0.114;0.068;0.058;0.002;0.011;0.014;0.033;0.002;0.017;0.012;0.037;0.024;0.002;0.001;0.004;0.048
Kota Singkawang;0.084;0.003;0.016;0.037;0.042;0.030;0.002;0.028;0.145;0.126;0.055;;0.020;0.008;0.026;0.003;0.012;0.006;0.039;0.018;0.003;;0.007;0.055
Kotawaringin Barat;0.044;0.008;0.020;0.039;0.025;0.003;0.021;0.042;0.107;0.064;0.112;0.004;0.020;0.004;0.024;0.002;0.018;0.007;0.039;0.007;0.004;;0.009;0.014
Kotawaringin Timur;0.046;0.019;0.023;0.052;0.027;0.003;0.011;0.073;0.078;0.049;0.120;0.001;0.003;0.006;0.014;0.005;0.011;0.021;0.029;0.004;0.002;0;0.015;0.029
Kapuas;0.020;0.007;0.012;0.156;0.032;0.010;0.010;0.007;0.109;0.032;0.085;0.001;0.001;0.004;0.024;0.007;0.002;0.003;0.008;0.001;0.001;;0.004;0.018
Barito Selatan;0.015;0.021;0.010;0.084;0.011;0.032;0.014;0.019;0.081;0.027;0.081;0.003;0.001;0.007;0.010;0.014;0.002;0.005;0.003;0.003;0.005;0;0.008;0.013
Barito Utara;0.018;0.020;0.014;0.061;0.033;0.065;0.011;0.036;0.082;0.029;0.074;0.003;0.001;0.006;0.016;0.004;0.003;0.005;0.006;0.001;0.003;0.004;0.02;0.068
Sukamara;0.066;0.006;0.022;0.070;0.016;0.003;0.010;0.050;0.109;0.032;0.114;0.000;0.009;0.004;0.021;0.004;0.011;0.015;0.022;0.004;0.001;0.002;0.024;0.031
Lamandau;0.070;0.008;0.035;0.016;0.045;0.051;0.031;0.065;0.074;0.058;0.156;0.001;0.008;0.005;0.020;0.005;0.019;0.012;0.018;0.010;0.006;0;0.018;0.028
Seruyan;0.045;0.016;0.013;0.059;0.065;0.002;0.018;0.033;0.086;0.020;0.210;0.005;0.001;0.009;0.014;0.005;0.005;0.006;0.017;0.002;0.003;0;0.007;0.013
Katingan;0.052;0.012;0.020;0.056;0.029;0.001;0.012;0.041;0.081;0.038;0.133;0.001;0.003;0.014;0.014;0.013;0.004;0.003;0.015;0.005;0.004;0.003;0.012;0.045
Pulang Pisau;0.062;0.013;0.010;0.143;0.010;0.046;0.013;0.028;0.154;0.043;0.118;0.002;0.004;0.012;0.015;0.008;0.005;0.002;0.033;0.006;0;0.001;0.007;0.022
Gunung Mas;0.032;0.015;0.009;0.104;0.043;0.096;0.017;0.012;0.120;0.027;0.084;0.001;0.000;0.004;0.008;0.014;0.000;0.005;0.004;0.003;0.002;0.009;0.005;0.022
Barito Timur;0.020;0.023;0.014;0.231;0.034;0.032;0.026;0.017;0.158;0.063;0.072;0.002;0.002;0.009;0.035;0.019;0.004;0.012;0.010;0.001;0.001;0.002;0.036;0.178
Murung Raya;0.015;0.022;0.024;0.103;0.044;0.194;0.010;0.012;0.066;0.017;0.052;0.001;0.003;0.002;0.010;0.005;0.001;0.004;0.007;0.002;0.001;0.003;0.007;0.015
Kota Palangka Raya;0.041;0.013;0.014;0.050;0.060;0.009;0.016;0.055;0.113;0.085;0.104;0.001;0.008;0.011;0.016;0.006;0.005;0.015;0.035;0.001;0.01;0.002;0.012;0.033
Tanah Laut;0.018;0.007;0.010;0.147;0.048;0.008;0.018;0.013;0.105;0.045;0.099;0.000;0.007;0.002;0.013;0.008;0.007;0.007;0.010;0.000;0.007;0.002;0.009;0.014
Kota Baru;0.019;0.009;0.009;0.171;0.006;0.026;0.010;0.015;0.135;0.028;0.120;0.004;0.002;0.002;0.007;0.003;0.005;0.007;0.011;0.002;0.003;0;0.006;0.021
Banjar;0.009;0.007;0.007;0.270;0.053;0.013;0.005;0.017;0.147;0.043;0.068;0.000;0.003;0.004;0.013;0.009;0.005;0.005;0.009;0.001;0.004;0.001;0.005;0.059
Barito Kuala;0.050;0.004;0.011;0.180;0.022;0.006;0.013;0.015;0.121;0.039;0.075;0.002;0.001;0.006;0.020;0.005;0.002;0.004;0.012;0.006;0.001;;0.01;0.042
Tapin;0.014;0.025;0.013;0.262;0.049;0.049;0.008;0.021;0.139;0.067;0.087;0.000;0.003;0.011;0.012;0.014;0.007;0.004;0.011;0.001;0.001;0.001;0.008;0.023
Hulu Sungai Selatan;0.008;0.010;0.009;0.153;0.023;0.010;0.005;0.034;0.161;0.083;0.022;0.000;0.004;0.003;0.016;0.001;0.003;0.006;0.004;0.000;0;0.003;0.009;0.032
Hulu Sungai Tengah;0.011;0.014;0.020;0.258;0.035;0.030;0.010;0.021;0.192;0.082;0.064;0.001;0.001;0.021;0.018;0.005;0.002;0.007;0.010;0.006;0.005;0.004;0.011;0.039
Hulu Sungai Utara;0.012;0.006;0.011;0.156;0.016;0.011;0.006;0.018;0.117;0.044;0.044;0.000;0.001;0.005;0.006;0.005;0.003;0.004;0.004;0.001;0.001;0.001;0.006;0.071
Tabalong;0.022;0.034;0.025;0.276;0.044;0.042;0.030;0.047;0.126;0.122;0.193;0.001;0.003;0.003;0.027;0.017;0.008;0.017;0.023;0.003;0.006;0.002;0.021;0.027
Tanah Bumbu;0.034;0.009;0.014;0.121;0.020;0.030;0.011;0.016;0.117;0.040;0.118;0.001;0.008;0.004;0.012;0.009;0.015;0.006;0.020;0.004;0.007;0.001;0.01;0.013
Balangan;0.011;0.019;0.018;0.286;0.029;0.083;0.010;0.009;0.163;0.050;0.086;0.000;0.002;0.012;0.016;0.013;0.006;0.008;0.012;0.005;0.001;0.002;0.014;0.029
Kota Banjarmasin;0.010;0.008;0.018;0.123;0.036;0.006;0.013;0.054;0.078;0.106;0.058;0.002;0.022;0.003;0.018;0.005;0.006;0.006;0.032;0.001;0.003;0;0.005;0.028
Kota Banjar Baru;0.025;0.013;0.022;0.267;0.019;0.026;0.011;0.054;0.098;0.091;0.081;0.002;0.008;0.003;0.011;0.001;0.008;0.008;0.033;0.003;0.01;0.003;0.009;0.034
Paser;0.049;0.015;0.022;0.120;0.053;0.016;0.011;0.035;0.105;0.048;0.110;0.001;0.008;0.001;0.005;0.004;0.015;0.013;0.006;0.001;0.002;0.002;0.023;0.005
Kutai Barat;0.026;0.012;0.022;0.252;0.028;0.100;0.006;0.034;0.070;0.046;0.097;0.001;0.007;0.001;0.030;0.008;0.009;0.002;0.014;0.000;0.001;0.001;0.005;0.007
Kutai Kartanegara;0.051;0.042;0.019;0.119;0.007;0.048;0.012;0.032;0.110;0.042;0.095;0.002;0.011;0.002;0.030;0.003;0.009;0.011;0.013;0.005;0.01;0.001;0.02;0.007
Kutai Timur;0.059;0.035;0.039;0.104;0.025;0.023;0.006;0.018;0.096;0.051;0.113;0.002;0.020;0.003;0.024;0.009;0.019;0.015;0.015;0.003;0.003;;0.018;0.005
Berau;0.022;0.023;0.026;0.158;0.073;0.013;0.003;0.035;0.072;0.054;0.083;0.001;0.015;0.001;0.010;0.000;0.020;0.010;0.009;0.004;0.001;0.005;0.008;0.021
Penajam Paser Utara;0.044;0.041;0.023;0.170;0.020;0.012;0.011;0.026;0.178;0.039;0.120;;0.014;0.015;0.015;0.005;0.014;0.008;0.007;0.002;0.013;0.003;0.016;0.015
Mahakam Ulu;0.006;0.005;0.004;0.107;0.031;0.035;;0.027;0.063;0.016;0.018;0.002;;0.001;0.012;0.001;0.000;0.001;0.001;0.002;;;0.001;0.006
Kota Balikpapan;0.076;0.048;0.034;0.047;0.028;0.003;0.011;0.042;0.130;0.076;0.079;0.001;0.027;0.005;0.025;0.005;0.021;0.011;0.016;0.006;0.004;0.001;0.008;0.01
Kota Samarinda;0.047;0.031;0.029;0.055;0.011;0.019;0.018;0.039;0.091;0.074;0.075;0.001;0.017;0.002;0.015;0.004;0.034;0.020;0.019;0.001;0.01;0.002;0.009;0.01
Kota Bontang;0.048;0.049;0.045;0.025;0.015;0.021;0.008;0.063;0.138;0.111;0.119;0.002;0.017;0.003;0.032;0.005;0.024;0.015;0.010;0.004;0.02;0.002;0.021;0.005
Malinau;0.019;0.010;0.004;0.025;0.009;0.000;0.001;0.029;0.201;0.045;0.049;;0.004;0.002;0.034;0.004;0.003;0.002;0.004;0.001;0;;0.004;0.032
Bulungan;0.019;0.018;0.019;0.322;0.093;0.101;0.001;0.037;0.119;0.045;0.073;0.002;0.009;0.006;0.015;0.006;0.006;0.003;0.006;0.004;0.001;0.003;0.002;0.028
Tana Tidung;0.031;0.016;0.021;0.079;0.020;0.011;0.004;0.031;0.112;0.067;0.072;0.001;0.005;0.000;0.013;0.004;0.003;0.003;0.008;0.007;0;;0;0.005
Nunukan;0.011;0.032;0.013;0.003;0.002;;0.002;0.003;0.194;0.036;0.062;0.001;0.002;0.001;0.011;0.003;0.005;0.003;0.007;0.006;0.004;;0.001;0.007
Kota Tarakan;0.014;0.019;0.020;0.146;0.007;0.013;0.003;0.024;0.117;0.072;0.044;0.003;0.005;0.000;0.004;0.002;0.009;0.013;0.004;0.003;0.005;;0.002;0.012
Bolaang Mongondow;0.017;0.102;0.006;0.036;0.001;0.098;0.011;0.048;0.143;0.110;0.066;0.001;0.017;;0.010;0.006;0.001;0.000;0.005;0.001;;0;;0.001
Minahasa;0.010;0.061;0.032;0.025;;0.023;0.040;0.066;0.142;0.146;0.077;0.055;0.061;0.001;0.008;0.002;0.001;0.005;0.002;0.001;0.001;;0;0.003
Kepulauan Sangihe;0.040;0.072;0.002;0.013;0.002;0.006;0.005;0.042;0.120;0.099;0.009;;0.003;0.000;0.013;0.003;0.000;0.002;;;0.001;0.001;;0.002
Kepulauan Talaud;0.004;0.101;0.012;0.001;;;0.007;0.013;0.121;0.039;0.008;0.260;0.003;0.003;0.000;0.002;0.000;0.001;0.002;0.000;;;0;0.002
Minahasa Selatan;0.007;0.050;0.032;0.043;0.003;0.037;0.027;0.040;0.159;0.169;0.056;0.000;0.040;0.001;0.013;0.000;0.005;0.001;0.004;;0.001;;;0.001
Minahasa Utara;0.019;0.089;0.023;0.100;0.002;0.030;0.018;0.041;0.131;0.112;0.071;;0.012;0.002;0.008;0.002;0.006;0.005;0.004;0.001;0;0.001;0.001;0.003
Bolaang Mongondow Utara;0.000;0.149;0.002;0.109;0.005;0.069;0.000;0.014;0.128;0.098;0.015;0.065;0.006;;0.004;0.001;0.000;0.000;0.005;0.004;;0.008;;0
Siau Tagulandang Biaro;0.001;0.115;0.004;0.000;;0.006;0.041;0.011;0.125;0.071;0.002;0.008;0.015;0.001;0.006;0.016;0.000;0.001;0.002;;;;;0.017
Minahasa Tenggara;0.008;0.110;0.016;0.041;0.000;0.037;0.026;0.046;0.164;0.118;0.104;;0.066;0.001;0.002;0.004;0.004;0.002;0.006;;0;0.001;;0.003
Bolaang Mongondow Selatan;0.003;0.179;0.010;0.024;0.004;0.115;0.015;0.013;0.136;0.043;0.037;;0.019;0.002;0.005;0.010;0.001;0.001;0.002;;;0.001;;0.005
Bolaang Mongondow Timur;0.018;0.185;0.012;0.034;0.001;0.068;0.002;0.042;0.120;0.071;0.035;0.010;0.027;0.000;0.002;0.003;0.002;0.000;0.005;;0.001;0.002;0.004;0.004
Kota Manado;0.017;0.050;0.024;0.058;0.004;0.014;0.011;0.047;0.130;0.138;0.039;0.029;0.009;;0.002;0.002;0.002;0.003;0.001;0.000;0.001;;0;0.007
Kota Bitung;0.009;0.179;0.023;0.046;0.001;0.020;0.008;0.047;0.126;0.102;0.043;0.007;0.015;0.000;0.005;0.008;0.003;0.004;0.006;0.000;;0.001;0;0.004
Kota Tomohon;0.015;0.084;0.032;0.020;0.003;0.019;0.020;0.072;0.111;0.173;0.083;0.118;0.058;0.000;0.001;0.000;0.003;0.006;0.001;;0.002;;;0.008
Kota Kotamobagu;0.015;0.049;0.016;0.070;0.002;0.037;0.004;0.052;0.160;0.085;0.059;0.002;0.032;0.002;0.014;0.004;0.001;0.001;0.007;0.003;0;0;0.001;0.005
Banggai Kepulauan;0.002;0.071;0.005;0.001;0.003;0.187;0.009;0.030;0.248;0.083;0.089;0.091;0.011;0.000;0.013;0.001;0.000;0.001;0.011;0.000;;;;0.008
Banggai;0.018;0.102;0.014;0.025;0.003;0.064;0.017;0.039;0.178;0.073;0.045;0.079;0.032;0.004;0.023;0.015;0.005;0.005;0.034;0.003;;0.001;0;0.008
Morowali;0.013;0.031;0.023;0.027;0.004;0.039;0.008;0.016;0.090;0.048;0.043;0.074;0.018;0.000;0.000;0.006;0.003;0.013;0.013;0.001;0.005;;0.003;0
Poso;0.007;0.014;0.009;0.058;0.001;0.179;0.004;0.019;0.132;0.129;0.053;0.049;0.043;0.005;0.013;0.001;0.005;0.002;0.019;0.002;0;0.001;0.006;0.003
Donggala;0.009;0.060;0.009;0.015;0.001;0.097;0.014;0.030;0.252;0.052;0.057;0.032;0.016;0.009;0.006;0.014;0.007;0.003;0.009;0.006;;0.001;0.002;0.002
ToliToli;0.018;0.052;0.010;0.020;0.003;0.104;0.003;0.008;0.157;0.040;0.049;0.012;0.013;0.003;0.007;0.006;0.007;0.013;0.010;0.021;;0.003;0.001;0.002
Buol;0.012;0.093;0.002;0.044;0.007;0.152;0.008;0.031;0.168;0.100;0.017;0.072;0.006;0.001;0.001;0.001;0.001;0.001;0.004;0.005;0.001;;;0.003
Parigi Moutong;0.036;0.056;0.023;0.027;0.007;0.249;0.006;0.031;0.217;0.071;0.089;0.083;0.039;0.007;0.009;0.009;0.009;0.005;0.012;0.011;0.003;0.003;;0.013
Tojo UnaUna;0.004;0.058;0.002;0.053;0.017;0.278;0.016;0.036;0.126;0.086;0.040;0.000;0.006;0.004;;0.005;0.001;0.000;0.002;;;;;0
Sigi;0.007;0.063;0.008;0.024;0.004;0.051;0.007;0.031;0.134;0.077;0.038;0.101;0.016;0.014;0.003;0.004;0.002;0.001;0.004;0.005;;0;0;0.005
Banggai Laut;0.007;0.169;0.004;0.011;0.001;0.096;0.001;0.004;0.117;0.039;0.050;0.044;0.007;0.000;0.011;0.001;0.001;0.001;0.002;0.007;;;;0.001
Morowali Utara;0.040;0.025;0.022;0.045;0.007;0.073;0.015;0.026;0.102;0.087;0.037;0.039;0.025;0.003;0.021;0.012;0.006;0.019;0.018;0.008;0.004;0.003;;0.002
Kota Palu;0.031;0.054;0.024;0.013;;0.011;0.012;0.021;0.103;0.071;0.051;0.067;0.028;0.005;0.003;0.001;0.013;0.015;0.022;0.005;0;0.001;0.001;0.004
Kepulauan Selayar;0.006;0.024;0.020;0.027;0.002;0.029;0.009;0.022;0.211;0.051;0.015;0.005;0.005;0.003;0.003;0.001;0.003;0.006;0.004;0.004;;;0;0.063
Bulukumba;0.011;0.048;0.043;0.171;0.017;0.531;0.028;0.036;0.192;0.058;0.041;0.029;0.012;0.003;0.020;0.019;0.008;0.011;0.057;0.004;0;0.007;0.008;0.056
Bantaeng;0.015;0.024;0.017;0.129;0.006;0.246;0.009;0.076;0.212;0.065;0.033;0.014;0.029;0.004;0.040;0.016;0.002;0.002;0.062;0.001;;0.001;0.001;0.055
Jeneponto;0.012;0.017;0.008;0.127;0.021;0.101;0.016;0.050;0.180;0.040;0.012;0.024;0.007;0.003;0.003;0.010;0.001;0.000;0.030;0.001;;;0;0.017
Takalar;0.014;0.008;0.013;0.162;0.004;0.022;0.037;0.035;0.290;0.040;0.009;0.021;0.007;0.002;0.003;0.000;0.004;0.007;0.020;0.001;;0.001;0.001;0.012
Gowa;0.020;0.014;0.015;0.127;0.007;0.058;0.037;0.025;0.181;0.041;0.017;0.027;0.015;0.004;0.006;0.010;0.008;0.005;0.038;;0.001;0.001;0.002;0.022
Sinjai;0.016;0.027;0.015;0.100;0.001;0.216;0.009;0.084;0.148;0.046;0.033;0.012;0.011;0.002;0.012;0.021;0.006;0.002;0.026;0.007;;0.006;0.001;0.008
Maros;0.016;0.009;0.026;0.070;0.005;0.020;0.030;0.006;0.202;0.042;0.002;0.018;0.016;0.002;0.003;0.002;0.010;0.004;0.034;0.000;0;0;0.004;0.015
Pangkajene dan Kepulauan;0.028;0.020;0.028;0.074;0.002;0.030;0.053;0.009;0.241;0.093;0.010;0.004;0.047;0.017;0.004;0.009;0.015;0.010;0.046;0.009;0.001;0;0.001;0.032
Barru;0.007;0.003;0.014;0.091;0.005;0.031;0.033;0.014;0.162;0.029;0.007;0.033;0.008;0.001;0.005;0.001;0.005;0.006;0.025;;0.002;;0;0.01
Bone;0.007;0.020;0.012;0.112;0.000;0.087;0.009;0.029;0.208;0.035;0.008;0.011;0.004;0.000;0.002;0.001;0.003;0.001;0.016;0.000;0;;0.001;0.027
Soppeng;0.007;0.011;0.017;0.047;0.002;0.027;0.048;0.034;0.249;0.092;0.013;0.011;0.008;0.000;0.002;0.001;0.005;0.003;0.047;0.001;;0;0;0.017
Wajo;0.007;0.023;0.015;0.045;0.009;0.126;0.021;0.007;0.243;0.049;0.033;0.025;0.005;0.001;0.009;0.003;0.004;0.005;0.024;0.000;;0;0.002;0.004
Sidenreng Rappang;0.010;0.012;0.035;0.088;0.009;0.149;0.022;0.016;0.140;0.041;0.023;0.011;0.009;0.001;0.007;0.003;0.009;0.007;0.023;0.002;;;0.002;0.006
Pinrang;0.012;0.003;0.022;0.186;0.008;0.032;0.021;0.010;0.178;0.064;0.017;0.068;0.010;0.001;0.006;0.001;0.005;0.005;0.016;0.000;;0;0.001;0.004
Enrekang;0.032;0.030;0.021;0.112;0.004;0.116;0.014;0.029;0.159;0.112;0.036;0.014;0.031;0.002;0.005;0.004;0.009;0.001;0.078;0.002;0.002;0.002;0.005;0.003
Luwu;0.011;0.015;0.011;0.267;0.009;0.161;0.014;0.006;0.165;0.054;0.044;0.054;0.019;0.003;0.018;0.008;0.006;0.003;0.022;0.003;;0.001;0.001;0.013
Tana Toraja;0.023;0.016;0.014;0.040;0.001;0.007;0.006;0.062;0.199;0.057;0.015;0.041;0.026;0.011;0.005;0.011;0.002;0.005;0.009;0.002;;;0.002;0.004
Luwu Utara;0.059;0.014;0.015;0.184;0.017;0.396;0.016;0.012;0.253;0.060;0.087;0.100;0.017;0.006;0.015;0.012;0.002;0.002;0.021;0.006;;0.008;0.001;0.013
Luwu Timur;0.028;0.008;0.036;0.085;0.007;0.227;0.024;0.031;0.187;0.076;0.076;0.050;0.054;0.002;0.008;0.006;0.013;0.007;0.039;0.002;0.002;0.002;0.003;0.02
Toraja Utara;0.010;0.012;0.017;0.064;0.005;0.016;0.017;0.038;0.129;0.098;0.019;0.031;0.022;0.011;0.006;0.006;0.003;0.004;0.035;0.000;0.001;0.001;0;0
Kota Makassar;0.040;0.026;0.031;0.058;0.002;0.058;0.021;0.025;0.116;0.065;0.021;0.022;0.013;0.001;0.005;0.000;0.022;0.017;0.037;0.000;0.001;0;0.007;0.008
Kota Parepare;0.021;0.006;0.030;0.058;0.001;0.042;0.024;0.005;0.228;0.080;0.025;0.043;0.021;0.001;0.006;0.001;0.011;0.008;0.033;;;0;0;0.016
Kota Palopo;0.027;0.003;0.016;0.158;0.008;0.152;0.014;0.008;0.125;0.061;0.052;0.014;0.051;0.000;0.005;0.004;0.010;0.005;0.021;0.002;0.001;0.001;0.004;0.012
Buton;0.008;0.032;0.006;0.057;;0.005;0.025;0.035;0.150;0.037;0.008;0.000;0.007;0.004;0.013;0.003;0.002;0.001;0.007;0.000;;;0.001;0.015
Muna;0.009;0.005;0.012;0.147;0.002;0.005;0.009;0.035;0.212;0.057;0.066;0.028;0.008;0.000;0.028;0.004;0.004;0.001;0.022;0.001;0.001;;;0.007
Konawe;0.053;0.021;0.024;0.052;;0.066;0.018;0.009;0.150;0.054;0.053;0.031;0.010;0.002;0.016;0.004;0.010;0.005;0.008;0.001;0;;0.002;0.001
Kolaka;0.027;0.028;0.021;0.105;0.001;0.066;0.020;0.017;0.170;0.073;0.153;0.022;0.010;0.001;0.012;0.013;0.004;0.008;0.031;0.001;;0.001;0.001;0.004
Konawe Selatan;0.018;0.004;0.017;0.105;0.011;0.055;0.030;0.018;0.111;0.045;0.018;0.040;0.003;0.003;0.008;0.002;0.009;0.002;0.033;;0.001;;0.006;0.002
Bombana;0.015;0.011;0.019;0.059;0.008;0.108;0.027;0.008;0.368;0.046;0.046;0.034;0.009;0.003;0.008;0.002;0.007;0.005;0.036;0.001;0;0;0;0.004
Wakatobi;0.015;0.041;0.018;0.015;;0.001;0.009;0.026;0.206;0.042;0.019;0.035;0.012;0.001;0.016;0.021;0.005;0.005;0.015;;0;;;0.058
Kolaka Utara;0.006;0.016;0.012;0.055;0.006;0.322;0.019;0.010;0.241;0.033;0.060;0.057;0.033;0.000;0.002;0.000;0.003;0.007;0.016;0.000;;0.001;0.001;0.006
Buton Utara;0.016;0.018;0.017;0.051;0.004;0.000;0.011;0.015;0.195;0.052;0.049;0.013;0.005;0.006;0.034;0.005;0.004;0.004;0.018;0.000;;0.001;0;0.021
Konawe Utara;0.024;0.024;0.035;0.031;;0.052;0.029;0.026;0.155;0.044;0.057;0.072;0.007;0.002;0.023;0.005;0.005;0.018;0.017;0.001;0.009;;0.004;0.018
Kolaka Timur;0.026;0.008;0.021;0.089;0.001;0.067;0.023;0.028;0.181;0.047;0.092;0.064;0.010;0.007;0.012;0.005;0.003;0.008;0.065;0.002;;0.001;0.001;0.006
Konawe Kepulauan;0.007;0.065;0.006;0.060;0.001;0.026;0.014;0.010;0.300;0.045;0.047;0.096;0.001;;0.005;0.004;;;;0.004;;;0;0
Muna Barat;0.006;0.003;0.007;0.328;0.011;0.011;0.009;0.024;0.252;0.047;0.102;0.018;0.002;0.002;0.024;0.002;;0.001;0.012;;;;;0.004
Buton Tengah;0.030;0.019;0.017;0.153;0.005;0.001;0.011;0.023;0.203;0.036;0.076;0.041;0.003;0.004;0.035;0.002;0.002;0.001;0.032;0.004;;0;;0.019
Buton Selatan;0.005;0.063;0.008;0.046;;0.001;0.006;0.025;0.121;0.043;0.037;0.004;0.001;0.000;0.011;0.006;;0.003;0.007;0.001;;;;0.009
Kota Kendari;0.024;0.015;0.040;0.071;0.012;0.044;0.026;0.044;0.128;0.061;0.070;0.072;0.011;0.002;0.018;0.007;0.015;0.036;0.032;0.000;0.002;0.002;0.004;0.004
Kota Baubau;0.020;0.013;0.038;0.058;0.006;0.025;0.008;0.037;0.197;0.060;0.050;0.092;0.035;0.005;0.082;0.006;0.017;0.008;0.019;;0.001;;;0.021
Boalemo;0.021;0.190;0.006;0.081;0.000;0.022;0.017;0.023;0.161;0.085;0.079;;0.003;0.003;0.006;0.022;0.001;0.001;0.004;0.000;0;;;0.002
Gorontalo;0.013;0.067;0.007;0.043;0.009;0.030;0.011;0.015;0.091;0.060;0.070;0.001;0.002;0.001;0.006;0.008;0.000;0.001;0.005;0.001;0.002;;0.003;0.001
Pohuwato;0.009;0.159;0.013;0.082;0.001;0.068;0.001;0.017;0.162;0.041;0.043;0.000;0.005;0.000;0.005;0.006;0.000;0.001;0.004;0.001;;;;0.003
Bone Bolango;0.005;0.058;0.009;0.026;0.002;0.023;0.007;0.024;0.147;0.091;0.040;0.006;0.004;0.001;0.005;0.009;0.001;0.002;0.003;0.001;0.001;;;0.001
Gorontalo Utara;0.002;0.052;0.003;0.044;0.003;0.042;0.005;0.010;0.146;0.053;0.047;0.000;0.001;0.002;0.001;0.002;0.001;0.001;0.002;0.001;;;;0.001
Kota Gorontalo;0.007;0.079;0.014;0.015;0.001;0.033;0.004;0.023;0.160;0.098;0.054;;0.007;0.002;0.002;0.006;0.004;0.002;0.002;0.000;;;0;0.001
Majene;0.020;0.009;0.007;0.076;0.004;0.028;0.006;0.008;0.219;0.088;0.070;0.019;0.004;0.001;0.006;0.000;0.000;0.007;0.015;0.000;0.001;;0;0.004
Polewali Mandar;0.004;0.016;0.013;0.169;0.032;0.258;0.013;0.014;0.240;0.066;0.028;0.057;0.005;0.001;0.014;0.005;0.004;0.003;0.008;0.001;0;0;0.002;0.011
Mamasa;0.011;0.021;0.002;0.015;0.001;0.008;0.002;0.052;0.138;0.039;0.008;0.050;0.014;0.018;0.030;0.010;0.003;0.001;0.001;0.002;;0;0.001;0.008
Mamuju;0.024;0.012;0.009;0.024;0.004;0.079;0.006;0.023;0.107;0.061;0.076;0.061;0.024;0.002;0.008;0.004;0.003;0.003;0.018;0.000;0.001;0.003;0;0.004
Mamuju Utara;0.038;0.030;0.025;0.059;0.002;0.141;0.012;0.034;0.262;0.067;0.093;0.077;0.026;0.003;0.006;0.005;0.007;0.003;0.014;0.003;0.001;;0.004;0.003
Mamuju Tengah;0.047;0.013;0.025;0.036;0.001;0.020;0.005;0.022;0.160;0.056;0.093;0.052;0.015;0.002;0.005;0.003;0.012;0.007;0.009;0.005;;0.003;;0.009
Maluku Tenggara Barat;0.005;0.132;0.003;0.000;;;0.002;0.069;0.199;0.061;0.006;0.002;0.003;0.000;;0.002;0.002;0.001;0.000;;;;0.001;0.053
Maluku Tenggara;0.002;0.004;0.005;0.001;;;0.008;0.079;0.144;0.070;0.005;0.001;0.017;0.001;0.009;0.003;;0.001;0.001;0.003;;;;0.026
Maluku Tengah;0.019;0.045;0.011;0.000;0.001;0.005;0.022;0.069;0.120;0.064;0.017;0.006;0.046;0.014;0.038;0.014;0.009;0.006;0.008;0.012;0.001;0.001;0.008;0.011
Buru;0.045;0.042;0.013;0.002;;0.013;0.013;0.049;0.053;0.032;0.051;0.005;0.019;0.009;0.010;0.004;0.006;0.006;0.007;0.006;0;;0.001;0.002
Kepulauan Aru;0.003;0.007;0.007;0.001;0.000;0.001;0.001;0.010;0.093;0.019;0.033;0.001;0.005;0.000;0.001;0.000;0.002;0.003;0.001;;;;0.001;0.01
Seram Bagian Barat;0.001;0.093;0.002;0.000;0.002;0.034;0.011;0.053;0.153;0.066;0.008;0.004;0.019;0.010;0.034;0.001;0.001;0.001;0.002;0.005;0;;0.001;0.011
Seram Bagian Timur;0.014;0.027;0.004;0.006;;0.002;0.015;0.117;0.140;0.089;0.007;0.019;0.014;0.007;0.006;0.002;0.001;0.004;0.004;0.003;0.002;;0.001;0.004
Maluku Barat Daya;0.004;0.083;0.003;;;0.001;0.000;0.066;0.180;0.134;0.077;0.001;0.015;0.005;0.002;0.004;;;0.001;0.003;;;;0.067
Buru Selatan;0.006;0.052;0.003;;;0.002;0.005;0.047;0.144;0.021;0.004;0.016;0.002;0.001;0.019;0.004;0.000;0.002;0.003;0.001;;;0;0.013
Kota Ambon;0.019;0.056;0.027;0.002;;0.005;0.010;0.051;0.146;0.107;0.041;0.037;0.057;0.006;0.036;0.004;0.015;0.017;0.008;0.004;0.001;;0.005;0.01
Kota Tual;0.002;0.007;0.006;;;0.003;0.006;0.038;0.137;0.099;0.016;0.001;0.043;0.001;0.003;0.003;;0.002;0.001;0.001;0;0.001;0.003;0.025
Halmahera Barat;0.001;0.010;0.006;0.001;0.019;0.011;0.016;0.008;0.301;0.080;0.024;0.072;0.008;0.001;0.009;0.006;0.000;0.005;;0.001;0;;0;0.006
Halmahera Tengah;0.015;0.113;0.011;0.018;0.010;0.003;0.015;0.019;0.151;0.064;0.045;0.008;0.016;0.004;0.006;0.017;0.007;0.001;0.006;0.001;0;0.001;0.001;0.005
Kepulauan Sula;0.010;0.130;0.002;0.002;;0.002;0.003;0.016;0.085;0.043;0.007;0.006;0.004;0.002;0.008;0.003;0.000;0.003;0.003;0.006;;;0;0.003
Halmahera Selatan;0.007;0.071;0.009;0.002;0.001;0.029;0.009;0.024;0.443;0.061;0.015;;0.014;0.003;0.006;0.016;0.001;0.001;0.005;0.001;0.001;;0;0.04
Halmahera Utara;0.006;0.018;0.005;0.032;0.019;0.070;0.029;0.015;0.362;0.095;0.032;0.029;0.021;0.002;0.014;0.016;0.002;0.000;0.002;0.000;0.001;;0.001;0.023
Halmahera Timur;0.013;0.039;0.013;0.059;0.022;0.006;0.011;0.025;0.204;0.097;0.082;0.009;0.031;0.009;0.021;0.011;0.002;0.001;0.005;0.014;0.003;0.001;0.003;0.006
Pulau Morotai;0.039;0.095;0.006;0.008;0.005;0.029;0.025;0.012;0.283;0.066;0.015;0.015;0.007;0.001;0.006;0.008;0.001;;0.001;0.000;0.001;0.001;0;0.013
Pulau Taliabu;0.002;0.146;0.004;0.000;0.007;0.143;0.003;0.012;0.094;0.033;0.004;0.002;0.000;0.000;0.006;0.008;;0.000;0.001;0.000;;;;0.012
Kota Ternate;0.023;0.058;0.021;0.028;0.005;0.031;0.037;0.016;0.113;0.114;0.061;0.002;0.014;0.001;0.005;0.006;0.007;0.008;0.004;0.001;0.001;0.001;0.002;0.013
Kota Tidore Kepulauan;0.007;0.130;0.011;0.014;0.009;0.043;0.040;0.011;0.277;0.100;0.040;0.002;0.036;0.003;0.005;0.003;0.001;0.005;0.003;0.001;;;;0.01
Fakfak;0.013;0.077;0.004;0.006;0.000;0.135;0.006;0.033;0.082;0.042;0.030;0.003;0.012;0.003;0.006;0.002;0.002;0.008;0.010;0.005;0.001;;0;0.004
Kaimana;0.008;0.019;0.011;0.003;;0.034;0.051;0.063;0.362;0.043;0.024;0.000;0.014;0.006;0.016;0.009;0.006;0.004;0.005;0.009;0;;0.002;0.025
Teluk Wondama;0.007;0.062;0.005;0.070;0.038;0.210;0.002;0.037;0.200;0.056;0.010;0.001;0.001;0.008;0.004;0.002;0.002;0.001;0.001;0.003;0;0.001;0.002;0.025
Teluk Bintuni;0.036;0.058;0.009;0.111;0.005;0.121;0.026;0.036;0.147;0.048;0.009;0.003;0.009;0.012;0.007;0.001;0.006;0.001;0.006;0.003;0;;0.001;0.067
Manokwari;0.020;0.030;0.003;0.234;0.014;0.128;0.018;0.033;0.110;0.098;0.080;0.015;0.006;0.005;0.008;0.005;0.003;0.002;0.004;0.006;0.001;;0.008;0.016
Manokwari Selatan;0.015;0.106;0.002;0.143;0.013;0.022;0.005;0.031;0.166;0.076;0.016;;0.010;0.008;0.005;0.004;0.002;;0.001;0.002;;;0.014;0.002
Pegunungan Arfak;0.018;0.003;;0.027;0.005;0.006;0.003;0.020;0.040;0.081;0.017;0.004;0.024;0.005;0.151;0.004;;;;0.000;0.002;0;;0.029
Raja Ampat;0.019;0.056;0.006;0.006;0.000;0.002;0.016;0.037;0.110;0.052;0.010;0.002;0.001;0.002;0.018;0.004;0.001;0.002;0.004;0.006;0;;0.001;0.036
Sorong;0.076;0.034;0.018;0.011;0.003;0.023;0.031;0.040;0.154;0.068;0.113;0.002;0.013;0.011;0.018;0.005;0.012;0.003;0.005;0.011;0.002;0;0.003;0.019
Sorong Selatan;0.012;0.019;0.004;0.017;0.008;0.124;0.017;0.033;0.322;0.041;0.005;0.002;0.004;0.014;0.028;0.003;0.001;0.001;0.002;0.009;0;;;0.024
Maybrat;0.011;0.030;0.005;0.061;0.002;0.022;0.024;0.081;0.104;0.186;0.008;0.008;0.051;0.029;0.107;0.004;;0.001;0.002;0.008;;0.001;;0.031
Tambrauw;0.006;0.051;0.001;0.060;0.031;0.233;0.005;0.061;0.222;0.050;0.005;0.009;0.006;0.002;0.054;0.005;;0.001;;0.001;;;;0.032
Kota Sorong;0.027;0.035;0.022;0.015;0.000;0.027;0.028;0.027;0.124;0.046;0.073;0.003;0.019;0.001;0.005;0.002;0.006;0.010;0.003;0.004;;;0.004;0.027
Jayapura;0.054;0.007;0.005;0.119;0.137;0.014;0.010;0.039;0.110;0.081;0.050;0.020;0.013;0.008;0.009;0.007;0.000;0.007;0.016;0.003;0.001;0;0.002;0.027
Kepulauan Yapen;0.013;0.013;0.001;0.030;0.053;0.230;0.004;0.040;0.364;0.076;0.003;0.014;0.004;0.002;0.003;0.003;;0.001;0.000;0.001;;;;0.05
Biak Numfor;0.012;0.023;0.005;0.024;0.011;0.080;0.000;0.016;0.052;0.082;0.017;0.023;0.004;0.000;0.002;0.001;0.001;0.004;0.001;0.005;0.001;;;0.053
Sarmi;0.029;0.010;0.001;0.044;0.003;0.002;0.005;0.052;0.244;0.089;0.052;0.014;0.003;0.006;0.012;0.008;;0.000;0.001;0.004;;0;;0.004
Keerom;0.106;0.009;0.005;0.040;0.026;0.014;0.008;0.039;0.231;0.163;0.042;0.008;0.004;0.046;0.007;0.003;0.001;0.000;0.010;0.017;0.001;;0.011;0.003
Waropen;0.016;0.029;0.003;0.095;0.005;0.083;0.021;0.024;0.063;0.048;0.006;0.019;0.001;0.002;0.000;0.003;;;0.003;0.001;;;;0
Supiori;0.002;0.017;0.004;0.048;0.034;0.058;0.010;0.036;0.071;0.042;0.002;0.014;0.003;0.003;0.003;0.002;0.002;0.001;;0.002;;;;0.014
Mamberamo Raya;0.004;0.004;;0.012;;0.004;0.004;0.040;0.291;0.027;0.000;0.003;;;0.001;0.007;;;;;;;;
Kota Jayapura;0.062;0.014;0.008;0.035;0.020;0.011;0.013;0.040;0.073;0.080;0.034;0.010;0.007;0.008;0.005;0.005;0.003;0.001;0.010;0.002;0.001;;0.006;0.001
Merauke;0.022;0.007;0.014;0.174;0.002;0.011;0.002;0.014;0.219;0.070;0.036;0.001;0.006;0.008;0.004;0.001;0.009;0.004;0.009;0.002;0.004;0.001;0.009;0.018
Boven Digoel;0.011;0.002;0.005;0.087;0.000;0.020;0.018;0.061;0.172;0.043;0.009;0.000;0.010;0.002;0.046;0.001;0.001;0.001;0.003;0.000;;;0.001;0.001
Mappi;0.023;0.001;0.011;0.010;0.000;0.024;0.002;0.031;0.087;0.039;0.002;0.000;0.005;0.007;0.010;0.004;0.002;0.001;;0.005;;;0.001;0.001
Asmat;0.005;0.002;0.006;0.012;0.001;;0.003;0.025;0.209;0.016;0.011;0.000;0.002;0.006;0.004;0.003;0.004;0.000;0.003;0.029;;;0.001;0.023
Mimika;0.029;0.016;0.020;0.008;0.001;0.002;0.037;0.011;0.094;0.050;0.063;0.007;0.010;0.028;0.009;0.002;0.007;0.016;0.003;0.002;0.001;0;0.004;0.003
Dogiyai;0.043;0.010;;0.000;;;0.009;0.156;0.029;0.081;0.002;0.006;0.029;0.026;0.052;0.012;;0.000;;0.001;;;;0.076
Deiyai;0.199;;;;;;;0.013;0.003;;;;;;0.005;;;;;;;;;0.124
Nabire;0.058;0.017;0.017;0.012;0.017;0.047;0.027;0.053;0.092;0.118;0.116;0.003;0.005;0.005;0.014;0.003;0.010;0.001;0.006;0.004;0.008;;0.001;0.008
Paniai;0.138;0.021;0.006;0.009;0.001;0.002;;0.039;0.007;0.003;0.002;;0.034;0.007;;;;0.008;;0.007;;;;0.018
Intan Jaya;0.160;0.003;;;;;;0.041;0.003;0.014;;;0.007;0.004;;;;0.000;;0.005;;;;0.044
Puncak;0.023;;;;;;;;0.002;;;;0.017;;0.001;;;;;;;;;
Puncak Jaya;0.015;0.001;;;;;;0.107;0.016;0.050;0.000;0.000;0.000;0.000;0.107;0.004;;;;;;;;
Nduga;0.022;;;;;;0.002;0.089;0.179;0.025;;0.028;0.042;0.000;0.002;0.000;;;;;;;;0.003
Jayawijaya;0.136;0.005;0.002;0.021;0.008;0.007;0.003;0.062;0.144;0.071;0.012;0.007;0.056;0.004;0.020;0.003;;0.000;0.011;0.004;;;;0.001
Lanny Jaya;0.027;;;;;;;0.003;0.309;;;;0.053;0.005;;;;;;;;;;0.013
Tolikara;0.048;0.003;;;;;;0.030;0.048;0.031;0.003;0.004;0.029;0.025;0.001;0.000;;;;;;;;0.042
Mamberamo Tengah;0.119;0.020;0.003;;;0.002;0.012;0.128;0.052;0.025;0.004;0.000;0.030;0.022;0.008;;;;;0.016;;;;0.026
Yalimo;0.152;0.001;;;;;0.002;0.197;0.061;0.055;;;0.005;;;;;;;;;;;0.032
Yahukimo;0.009;0.011;;;;0.000;;0.202;0.123;0.129;0.004;0.002;0.055;0.007;0.008;0.000;;;;0.001;;;;0.181
Pegunungan Bintang;0.001;;0.000;;;;;0.135;0.085;0.023;0.000;;0.015;;0.033;;;;;;;;;